ID,Description,setSize,enrichmentScore,NES,pvalue,p.adjust,qvalue,rank,leading_edge,core_enrichment
REACTOME_MITOCHONDRIAL_TRANSLATION_ELONGATION,REACTOME_MITOCHONDRIAL_TRANSLATION_ELONGATION,85,-0.7787438054491748,-2.6263363772759085,1e-10,1.68625e-8,1.2302631578947368e-8,2068,"tags=68%, list=13%, signal=59%",MRPL1/MRPL13/MRPL48/MRPS18A/MRPL12/MRPS31/MRPL51/MRPS26/MRPS9/MRPL42/MRPS17/MRPL21/MRPL22/MRPL3/MRPL15/MRPL33/MRPL19/MRPL40/MRPS33/TSFM/MRPS35/MRPL34/MRPL43/MRPS22/MRPS18B/MRPL2/MRPL32/MRPL27/MRPL28/MRPS34/MRPL44/MRPS7/GADD45GIP1/MRPL11/MRPL24/MRPL55/MRPL57/MRPL54/MRPS21/MRPL14/MRPS24/MRPL46/MRPS23/MRPL52/MRPS14/MRPS30/MRPL17/MRPL20/MRPS16/MRPS11/MRPL36/MRPL53/MRPS6/AURKAIP1/CHCHD1/MRPL18/MRPL47/MRPS28
REACTOME_MITOCHONDRIAL_TRANSLATION,REACTOME_MITOCHONDRIAL_TRANSLATION,95,-0.7612805472601799,-2.598030447409411,1e-10,1.68625e-8,1.2302631578947368e-8,2068,"tags=63%, list=13%, signal=55%",MRPL1/MRPL13/MRPL48/MRPS18A/MRPL12/MRPS31/MRPL51/MRPS26/MRPS9/MRPL42/MRPS17/MRPL21/MRPL22/MRPL3/MRPL15/MRPL33/MRPL19/MRPL40/MRPS33/TSFM/MTIF3/MRPS35/MRPL34/MRPL43/MRPS22/MRPS18B/MRPL2/MRPL32/MRPL27/MRPL28/MRPS34/MRPL44/MRPS7/GADD45GIP1/MRPL11/MRPL24/MRPL55/MRPL57/MRPL54/MRPS21/MRPL14/MRPS24/MRPL46/MRPS23/MRPL52/MRPS14/MRPS30/MRPL17/MRPL20/MRPS16/MRPS11/MRPL36/MRPL53/MRPS6/AURKAIP1/CHCHD1/MRPL18/MRPL47/MRPS28/NDUFAB1
REACTOME_RESPIRATORY_ELECTRON_TRANSPORT,REACTOME_RESPIRATORY_ELECTRON_TRANSPORT,132,-0.712640550449726,-2.557171800339854,1e-10,1.68625e-8,1.2302631578947368e-8,1701,"tags=60%, list=11%, signal=54%",COX7A1/TTC19/ETFA/TACO1/NDUFV2/TMEM186/COX4I2/COX6A1/COX16/PYURF/NDUFS2/NDUFB4/COX20/NDUFV1/NDUFAF6/SMIM20/COX8A/NDUFA12/NDUFA3/UQCC2/HSCB/NDUFAF5/SURF1/NDUFAF1/TMEM126A/NDUFA2/NDUFS4/SDHC/SCO1/COX4I1/NDUFB8/UQCRB/UQCRFS1/NDUFA4/NDUFB6/COX19/FXN/NDUFC1/NDUFS3/HIGD1A/NDUFAF4/NDUFS8/NDUFB1/COX7A2/CYC1/NDUFA5/COX7B/NDUFA7/UQCR11/NDUFAF2/CYCS/COX17/NDUFB5/SCO2/NDUFA6/NDUFV3/UQCR10/COA3/UQCRHL/NDUFS6/COX5A/NDUFS7/COX6B1/NDUFA11/SDHD/COX14/NDUFB2/UQCRQ/NDUFA13/NDUFB11/NDUFB7/NDUFB3/NDUFAF3/NDUFC2/NDUFAB1/TIMM21/NDUFA1/COQ10B/NDUFB10
REACTOME_COMPLEX_I_BIOGENESIS,REACTOME_COMPLEX_I_BIOGENESIS,57,-0.8013622028403511,-2.5435811178347767,1e-10,1.68625e-8,1.2302631578947368e-8,1634,"tags=68%, list=11%, signal=61%",PYURF/NDUFS2/NDUFB4/NDUFV1/NDUFAF6/NDUFA12/NDUFA3/HSCB/NDUFAF5/NDUFAF1/TMEM126A/NDUFA2/NDUFS4/NDUFB8/NDUFB6/NDUFC1/NDUFS3/NDUFAF4/NDUFS8/NDUFB1/NDUFA5/NDUFA7/NDUFAF2/NDUFB5/NDUFA6/NDUFV3/NDUFS6/NDUFS7/NDUFA11/NDUFB2/NDUFA13/NDUFB11/NDUFB7/NDUFB3/NDUFAF3/NDUFC2/NDUFAB1/NDUFA1/NDUFB10
REACTOME_TRANSLATION,REACTOME_TRANSLATION,203,-0.6593232079652959,-2.491330322511949,1e-10,1.68625e-8,1.2302631578947368e-8,3000,"tags=58%, list=19%, signal=47%",EARS2/SEC61A1/RCHY1/MTRF1L/UBC/AIMP1/CARS2/MRPS18C/MRPL30/WARS2/SSR2/NARS2/PSMC6/SPCS3/YARS2/MRPL4/ERAL1/UBE2D2/SSR3/ZNF598/LARS2/MRPS10/SRPRB/MRPL1/MRPL13/MRPL48/MRPS18A/MRPL12/MRPS31/PPA2/MRPL51/MRPS26/MRPS9/MRPL42/MRPS17/MRPL21/MRPL22/MRPL3/FARS2/MRPL15/MRPL33/MRPL19/PSMD6/MRPL40/MRPS33/TSFM/MTIF3/FAU/PSMA6/PSMB5/MRPS35/MRPL34/MRPL43/PSMA3/SRP14/MRPS22/MRPS18B/SEC61G/SEC11A/MRPL2/MRPL32/MRPL27/PSMA1/MRPL28/MRPS34/MRPL44/MRPS7/PSMA5/GADD45GIP1/MRPL11/PSMB1/MRPL24/MRPL55/RPLP0/PSMA2/MRPL57/MRPL54/MRPS21/SSR4/MRPL14/MRPS24/RPSA/FARSA/MRPL46/MRPS23/MRPL52/MRPS14/MRPS30/SPCS2/PSMB4/PSMD14/ADRM1/MRPL17/SRP19/MRPL20/PSMD13/MRPS16/RPLP2/MRPS11/MRPL36/MRPL53/PSMB6/MRPS6/PSMA7/AIMP2/TRMT112/HARS2/AURKAIP1/CHCHD1/MRPL18/SPCS1/SEC61B/MRPL47/PSMB3/SEC11C/MRPS28/NDUFAB1/ANKZF1
REACTOME_MRNA_SPLICING,REACTOME_MRNA_SPLICING,186,-0.5666095666388792,-2.112757807490166,1e-10,1.68625e-8,1.2302631578947368e-8,2596,"tags=42%, list=17%, signal=35%",SF3A1/RBM10/PRPF4/PRKRIP1/SF3B4/PRPF3/GTF2F1/SRSF1/SNW1/SNRNP70/HNRNPM/LUC7L3/SMNDC1/HNRNPH1/PPIG/SAP18/PPIL4/HNRNPF/SRSF10/WDR70/PCBP1/UBL5/LENG1/BCAS2/HNRNPC/MAGOHB/PPP1R8/POLR2G/PHF5A/NCBP2/PPIE/SNRPA1/YBX1/PRPF38A/SNRNP25/CCAR1/SNRNP48/RBM7/POLR2H/POLR2C/PPIL1/SMU1/PNN/POLR2E/SNIP1/PTBP1/SF3B5/POLR2F/SNRPB/SNRPD1/LSM8/PPIH/POLR2D/SF3B6/SNRPF/HNRNPL/MFAP1/SRSF9/SNRNP27/TRA2B/SRSF3/LSM6/LSM2/ZMAT5/POLR2L/LSM5/POLR2K/SNRNP35/SNRPD2/POLR2J/LSM4/SRSF7/POLR2I/CCDC12/MAGOH/HNRNPA2B1/LSM7/SYF2
REACTOME_AEROBIC_RESPIRATION_AND_RESPIRATORY_ELECTRON_TRANSPORT,REACTOME_AEROBIC_RESPIRATION_AND_RESPIRATORY_ELECTRON_TRANSPORT,203,-0.5577181242536261,-2.1074035580447537,1e-10,1.68625e-8,1.2302631578947368e-8,2256,"tags=45%, list=15%, signal=39%",SIRT4/COX7A1/SDHAF1/TTC19/ETFA/TACO1/NDUFV2/TMEM186/COX4I2/D2HGDH/FH/ISCA2/COX6A1/COX16/GID4/PYURF/SUCLG1/NDUFS2/GLO1/NDUFB4/COX20/NDUFV1/NDUFAF6/SMIM20/COX8A/NDUFA12/NDUFA3/UQCC2/HSCB/NDUFAF5/SURF1/SLC25A14/NDUFAF1/TMEM126A/NDUFA2/NDUFS4/SDHC/SCO1/COX4I1/NDUFB8/UQCRB/UQCRFS1/NDUFA4/NDUFB6/COX19/FXN/NDUFC1/NDUFS3/HIGD1A/HAGH/NDUFAF4/NDUFS8/MPC1/NDUFB1/COX7A2/CYC1/NDUFA5/MPC2/COX7B/NDUFA7/UQCR11/NDUFAF2/CYCS/COX17/NDUFB5/SCO2/NDUFA6/NDUFV3/UQCR10/COA3/UQCRHL/NDUFS6/COX5A/NDUFS7/COX6B1/NDUFA11/SDHD/COX14/NDUFB2/UQCRQ/NDUFA13/NDUFB11/NDUFB7/NDUFB3/NDUFAF3/NDUFC2/NDUFAB1/TIMM21/NDUFA1/COQ10B/NDUFB10
REACTOME_PROCESSING_OF_CAPPED_INTRON_CONTAINING_PRE_MRNA,REACTOME_PROCESSING_OF_CAPPED_INTRON_CONTAINING_PRE_MRNA,256,-0.5298993234619523,-2.061450293756368,1e-10,1.68625e-8,1.2302631578947368e-8,2596,"tags=38%, list=17%, signal=32%",SF3A1/RBM10/NXF1/PRPF4/PRKRIP1/SF3B4/PRPF3/GTF2F1/PABPN1/CPSF6/SRSF1/SNW1/NUP43/SNRNP70/HNRNPM/LUC7L3/SMNDC1/HNRNPH1/PPIG/SAP18/PPIL4/HNRNPF/WTAP/SRSF10/WDR70/PCBP1/UBL5/LENG1/CSTF3/BCAS2/HNRNPC/PAPOLA/MAGOHB/PPP1R8/THOC1/POLR2G/PHF5A/NCBP2/PPIE/SNRPA1/YBX1/PRPF38A/SNRNP25/CCAR1/SNRNP48/SARNP/RBM7/POLR2H/POLR2C/PPIL1/SMU1/PNN/POLR2E/SNIP1/PTBP1/SF3B5/PPP1CA/THOC6/POLR2F/NUP85/CLP1/DDX39A/SNRPB/SNRPD1/LSM8/PPIH/POLR2D/SF3B6/NUP35/SNRPF/HNRNPL/MFAP1/SRSF9/SNRNP27/THOC7/TRA2B/SRSF3/LSM6/LSM2/ZMAT5/POLR2L/LSM5/SEC13/NXT1/POLR2K/SNRNP35/SNRPD2/POLR2J/LSM4/SRSF7/POLR2I/CCDC12/MAGOH/HNRNPA2B1/LSM7/SYF2
REACTOME_NEURONAL_SYSTEM,REACTOME_NEURONAL_SYSTEM,373,0.4496990770915246,1.8547110621040332,3.402309379331624e-10,5.099683725242623e-8,3.7206541165790274e-8,3731,"tags=37%, list=24%, signal=29%",GNG2/KCND3/FLOT2/PRKACB/GABRB1/GABBR1/GNG3/GABRB3/DLG3/KCNC4/PRKAB2/ADCY7/CACNB2/MAPK1/MAPK3/CAMK2G/SLITRK3/GJC1/GRIA3/DNAJC5/ERBB4/NAAA/NLGN3/CASK/KCNJ16/KCNA3/HOMER2/SYT10/CACNA1B/NSF/PPFIA2/GRIK4/CPLX1/KCNN3/TUBA1C/RASGRF2/PRKAA2/KCNMA1/ABAT/LRFN2/GABBR2/KCNK9/PRKAR2A/LRRTM1/SLC6A1/SLC17A7/CHRNA4/KCNF1/RTN3/KCNJ10/PDLIM5/SYN2/NRXN1/SRC/ADCY6/ALDH5A1/SLC1A1/CAMK2D/PTPRF/FLOT1/GABRB2/NEFL/SYT1/GRM1/CAMKK1/KCNA2/PPM1E/SLITRK2/PRKAR1B/KCNN1/LRRTM2/PTPRS/SLITRK5/RAC1/SHANK2/SYT7/CACNG3/KCNQ3/PRKCG/MYO6/APBA1/KCNH2/GAD2/AP2A1/PRKCA/GRIN1/KCNA4/PRKACA/LRFN3/CACNB1/SYN3/KCNC2/RASGRF1/DLGAP4/EPB41L3/GLS/NLGN2/SLC6A11/AKAP5/SLC22A2/TUBB3/GRIN2D/HCN4/NBEA/KCNG1/DLGAP1/GNB1/IL1RAPL1/PPFIA3/GNAL/GRIN2A/GABRA5/PPFIBP2/GABRR2/GABRA3/GLUL/PRKAR1A/GNAI2/CHRNB2/KCNJ3/GRIP1/PLCB1/LRRTM4/HTR3A/STX1A/GLRA3/ACHE/CACNB3/ADCY4/KRAS/PDPK1/CHRNA6/PPM1F/SLITRK1/KCNC3/DBNL/IL1RAP
REACTOME_MRNA_3_END_PROCESSING,REACTOME_MRNA_3_END_PROCESSING,128,-0.5797641522951689,-2.0694650207287464,4.214391896748407e-9,5.685214668713601e-7,4.147848866799748e-7,2702,"tags=45%, list=17%, signal=37%",TUT1/U2AF2/SF3A1/RBM10/SF3B4/GTF2F1/PABPN1/CPSF6/SRSF1/SNRNP70/HNRNPM/SMNDC1/HNRNPH1/HNRNPF/SRSF10/PCBP1/CSTF3/HNRNPC/PAPOLA/MAGOHB/PPP1R8/THOC1/POLR2G/PHF5A/NCBP2/SNRPA1/YBX1/CCAR1/SARNP/POLR2H/POLR2C/POLR2E/PTBP1/SF3B5/PPP1CA/THOC6/POLR2F/CLP1/DDX39A/SNRPB/SNRPD1/POLR2D/SF3B6/SNRPF/HNRNPL/SRSF9/THOC7/TRA2B/SRSF3/POLR2L/POLR2K/SNRPD2/POLR2J/SRSF7/POLR2I/MAGOH/HNRNPA2B1
REACTOME_COMPLEX_IV_ASSEMBLY,REACTOME_COMPLEX_IV_ASSEMBLY,37,-0.7783434537747866,-2.2765536234148622,8.9687640227262e-9,1.099896606059786e-6,8.024683599281336e-7,2609,"tags=73%, list=17%, signal=61%",COX11/COX18/PET100/COX7A1/TACO1/COX4I2/COX6A1/COX16/COX20/SMIM20/COX8A/SURF1/SCO1/COX4I1/NDUFA4/COX19/HIGD1A/COX7A2/COX7B/COX17/SCO2/COA3/COX5A/COX6B1/COX14/TIMM21/COQ10B
REACTOME_MITOCHONDRIAL_PROTEIN_IMPORT,REACTOME_MITOCHONDRIAL_PROTEIN_IMPORT,57,-0.6941196478624166,-2.203185555249732,2.6582238958755345e-8,2.98828669628008e-6,2.18020994968739e-6,2230,"tags=54%, list=14%, signal=47%",COQ2/GRPEL2/DNAJC19/CHCHD7/TIMM8B/CHCHD10/TIMM23/CHCHD3/HSCB/CHCHD5/TIMM10/NDUFB8/COX19/MTX1/FXN/TIMM50/CYC1/TIMM10B/TOMM22/COX17/COA4/TIMM22/CHCHD4/TIMM13/TOMM7/TIMM44/PAM16/TIMM17B/GRPEL1/TIMM21/CHCHD2
REACTOME_RHO_GTPASE_CYCLE,REACTOME_RHO_GTPASE_CYCLE,418,0.4088336883698733,1.7012807810242405,3.5832588650871117e-8,3.7183201607711645e-6,2.71283161041008e-6,2385,"tags=27%, list=15%, signal=23%",OCRL/ARHGEF11/ANKFY1/STAM2/FLOT2/ABCD3/DOCK9/ARMCX3/RHOU/RHOQ/CYFIP2/DAAM1/RHOF/PIK3R1/LETM1/SOWAHC/DOCK7/CYFIP1/AMIGO2/WDR11/CDC42BPA/ABI2/DOCK3/ARHGEF26/SLITRK3/NET1/ABI1/FAM169A/SPTBN1/ARHGAP35/RHOJ/PTK2B/CAPZB/PEAK1/WDR6/ARHGEF25/ARHGAP1/ARHGAP20/GNA13/PAK3/FERMT2/TNFAIP1/AKAP12/TIAM1/PIK3CA/RND1/RASGRF2/PLEKHG1/ABR/IQGAP2/AKAP13/WDR91/SH3RF1/ARHGAP31/ARHGAP23/TOR1AIP1/FAM91A1/ARHGEF12/WIPF2/ARHGAP24/CUL3/DIAPH1/SPATA13/MSI2/USP9X/SLC4A7/PLD1/FGD1/OSBPL11/SRC/RALGAPA1/NCKAP1/RAB7A/NHS/ARHGDIA/FLOT1/ITSN1/MTMR1/SLK/SRGAP1/ARHGAP15/ARHGAP44/ABL2/SLITRK5/ARHGEF17/RASAL2/MYO9A/CLTC/RAC1/ALS2/PIK3R2/CDC42SE2/DOCK2/ITSN2/ARHGAP17/ALDH3A2/KCTD13/MYO6/RALBP1/ARHGAP19/ARHGEF2/ARHGEF28/ARHGAP25/FMNL2/CEP97/ARHGAP28/SENP1/TPM3/RHOA/CDC42BPB/VANGL2
REACTOME_PHOSPHOLIPID_METABOLISM,REACTOME_PHOSPHOLIPID_METABOLISM,190,0.4995296772406847,1.9242192409156658,3.987097054546545e-8,3.8418528047023495e-6,2.8029592075195637e-6,2188,"tags=27%, list=14%, signal=24%",OCRL/SLC44A5/PCYT1B/PLA2G5/CSNK2A2/RAB4A/PIK3R1/LPCAT3/MBOAT7/RAB5A/LPGAT1/AGPAT3/LPIN2/TNFAIP8L3/MTMR6/LCLAT1/OSBPL5/SYNJ1/PIK3C3/PITPNM3/PLEKHA2/SYNJ2/CDS2/PIP5K1A/PIK3CD/PIK3CA/PNPLA2/PITPNM1/PTEN/CPNE6/ETNPPL/PLD1/STARD7/SBF1/LPIN1/PIKFYVE/PI4KA/MTMR1/PIP4K2B/PLA2G6/GPAM/OSBPL10/GPD1L/GPD2/INPP5E/PIP4K2A/PIK3R2/PLA2G4E/PTDSS2/ABHD4/CPNE7/ENPP6
REACTOME_CYCLIN_A_CDK2_ASSOCIATED_EVENTS_AT_S_PHASE_ENTRY,REACTOME_CYCLIN_A_CDK2_ASSOCIATED_EVENTS_AT_S_PHASE_ENTRY,71,-0.6496546010019043,-2.1448734116350456,1.0029911011236638e-7,9.02023330277215e-6,6.581029330179829e-6,1521,"tags=35%, list=10%, signal=32%",CCNE2/MNAT1/LIN52/PSMD6/PSMA6/PSMB5/RBBP4/PSMA3/SKP1/PSMA1/PSMA5/PSMB1/CDKN1B/PSMA2/CCNH/PSMB4/PSMD14/ADRM1/PSMD13/PSMB6/PSMA7/CDK4/E2F5/PSMB3/CABLES1
REACTOME_MRNA_SPLICING_MINOR_PATHWAY,REACTOME_MRNA_SPLICING_MINOR_PATHWAY,48,-0.7145439509900166,-2.2216773916301435,1.2814052008206104e-7,1.0168327152394139e-5,7.4186616889614296e-6,1202,"tags=48%, list=8%, signal=44%",POLR2G/NCBP2/YBX1/SNRNP25/SNRNP48/POLR2H/POLR2C/POLR2E/SF3B5/POLR2F/SNRPB/SNRPD1/POLR2D/SF3B6/SNRPF/ZMAT5/POLR2L/POLR2K/SNRNP35/SNRPD2/POLR2J/SRSF7/POLR2I
REACTOME_PROTEASOME_ASSEMBLY,REACTOME_PROTEASOME_ASSEMBLY,50,-0.7058035694643614,-2.2092386642649275,1.2260335429624108e-7,1.0168327152394139e-5,7.4186616889614296e-6,1898,"tags=50%, list=12%, signal=44%",PSMB9/PSMB10/POMP/PSMG2/PSMD6/PSMG4/PSMA6/PSMB5/PSMD4/PSMA3/PSMD9/PSMA1/PSMA5/PSMB1/PSMA2/PSME2/PSMB4/PSMD14/ADRM1/PSMG1/PSMD13/PSMB6/PSMA7/PSMG3/PSMB3
REACTOME_MRNA_POLYADENYLATION,REACTOME_MRNA_POLYADENYLATION,108,-0.5758636514247638,-2.0033514311438574,1.4703920791941028e-7,1.1019771749071359e-5,8.039863123078866e-6,2702,"tags=46%, list=17%, signal=38%",TUT1/U2AF2/SF3A1/RBM10/SF3B4/GTF2F1/PABPN1/CPSF6/SRSF1/SNRNP70/HNRNPM/SMNDC1/HNRNPH1/HNRNPF/SRSF10/PCBP1/CSTF3/HNRNPC/PAPOLA/PPP1R8/POLR2G/PHF5A/NCBP2/SNRPA1/YBX1/CCAR1/POLR2H/POLR2C/POLR2E/PTBP1/SF3B5/PPP1CA/POLR2F/CLP1/SNRPB/SNRPD1/POLR2D/SF3B6/SNRPF/HNRNPL/SRSF9/TRA2B/SRSF3/POLR2L/POLR2K/SNRPD2/POLR2J/SRSF7/POLR2I/HNRNPA2B1
REACTOME_REGULATION_OF_ORNITHINE_DECARBOXYLASE_ODC,REACTOME_REGULATION_OF_ORNITHINE_DECARBOXYLASE_ODC,37,-0.7451853696250107,-2.1795705290616216,1.665424913966185e-7,1.1824516889159915e-5,8.626993321653092e-6,1225,"tags=43%, list=8%, signal=40%",PSMD6/PSMA6/PSMB5/PSMA3/OAZ1/PSMA1/PSMA5/PSMB1/PSMA2/PSMB4/PSMD14/ADRM1/PSMD13/PSMB6/PSMA7/PSMB3
REACTOME_TRANSMISSION_ACROSS_CHEMICAL_SYNAPSES,REACTOME_TRANSMISSION_ACROSS_CHEMICAL_SYNAPSES,242,0.4559016823195544,1.8001225100185674,1.9893009689380076e-7,1.3417835035486862e-5,9.789454768194933e-6,3644,"tags=37%, list=24%, signal=29%",GNG2/PRKACB/GABRB1/GABBR1/GNG3/GABRB3/DLG3/PRKAB2/ADCY7/CACNB2/MAPK1/MAPK3/CAMK2G/GRIA3/DNAJC5/ERBB4/NAAA/CASK/KCNJ16/CACNA1B/NSF/PPFIA2/GRIK4/CPLX1/TUBA1C/RASGRF2/PRKAA2/ABAT/GABBR2/PRKAR2A/SLC6A1/SLC17A7/CHRNA4/KCNJ10/SYN2/SRC/ADCY6/ALDH5A1/SLC1A1/CAMK2D/GABRB2/NEFL/SYT1/CAMKK1/PPM1E/PRKAR1B/RAC1/CACNG3/PRKCG/MYO6/APBA1/GAD2/AP2A1/PRKCA/GRIN1/PRKACA/CACNB1/SYN3/RASGRF1/GLS/SLC6A11/AKAP5/SLC22A2/TUBB3/GRIN2D/NBEA/GNB1/PPFIA3/GNAL/GRIN2A/GABRA5/GABRR2/GABRA3/GLUL/PRKAR1A/GNAI2/CHRNB2/KCNJ3/GRIP1/PLCB1/HTR3A/STX1A/GLRA3/ACHE/CACNB3/ADCY4/KRAS/PDPK1/CHRNA6/PPM1F
REACTOME_HH_MUTANTS_ABROGATE_LIGAND_SECRETION,REACTOME_HH_MUTANTS_ABROGATE_LIGAND_SECRETION,42,-0.7350543374360929,-2.2211449933880822,2.2692914404060043e-7,1.4577495967179524e-5,1.0635526299647188e-5,1225,"tags=38%, list=8%, signal=35%",PSMD6/PSMA6/PSMB5/PSMA3/PSMA1/PSMA5/PSMB1/PSMA2/DERL2/PSMB4/PSMD14/ADRM1/PSMD13/PSMB6/PSMA7/PSMB3
REACTOME_ANTIGEN_PROCESSING_CROSS_PRESENTATION,REACTOME_ANTIGEN_PROCESSING_CROSS_PRESENTATION,84,-0.6125025992210948,-2.0632951827812605,2.8401361850155606e-7,1.741519869811814e-5,1.270587240664856e-5,1898,"tags=36%, list=12%, signal=32%",PSMB9/HLA-A/PSMB10/NCF2/CTSS/VAMP8/FCGR1A/S100A1/PSMD6/CD14/PSMA6/PSMB5/PSMA3/SEC61G/MRC1/PSMA1/PSMA5/PSMB1/PSMA2/PSME2/PSMB4/PSMD14/ADRM1/PSMD13/PSMB6/PSMA7/SEC61B/PSMB3/CYBA/VAMP3
REACTOME_VIF_MEDIATED_DEGRADATION_OF_APOBEC3G,REACTOME_VIF_MEDIATED_DEGRADATION_OF_APOBEC3G,33,-0.7705124199844258,-2.182917535176245,3.1794611253663443e-7,1.777472499201705e-5,1.2968177494078219e-5,1225,"tags=45%, list=8%, signal=42%",PSMD6/PSMA6/PSMB5/PSMA3/PSMA1/PSMA5/PSMB1/PSMA2/PSMB4/PSMD14/ADRM1/PSMD13/PSMB6/PSMA7/PSMB3
REACTOME_SCF_SKP2_MEDIATED_DEGRADATION_OF_P27_P21,REACTOME_SCF_SKP2_MEDIATED_DEGRADATION_OF_P27_P21,46,-0.7060533012068513,-2.16560437417445,3.202396554394622e-7,1.777472499201705e-5,1.2968177494078219e-5,1521,"tags=41%, list=10%, signal=37%",CCNE2/PSMD6/PSMA6/PSMB5/PSMA3/SKP1/PSMA1/PSMA5/PSMB1/CDKN1B/PSMA2/PSMB4/PSMD14/ADRM1/PSMD13/PSMB6/PSMA7/CDK4/PSMB3
REACTOME_RIBOSOME_ASSOCIATED_QUALITY_CONTROL,REACTOME_RIBOSOME_ASSOCIATED_QUALITY_CONTROL,55,-0.6647786673492636,-2.1043716406223565,3.2940557805813657e-7,1.777472499201705e-5,1.2968177494078219e-5,1225,"tags=36%, list=8%, signal=34%",PSMD6/FAU/PSMA6/PSMB5/PSMA3/PSMA1/PSMA5/PSMB1/RPLP0/PSMA2/RPSA/PSMB4/PSMD14/ADRM1/PSMD13/RPLP2/PSMB6/PSMA7/PSMB3/ANKZF1
REACTOME_FBXL7_DOWN_REGULATES_AURKA_DURING_MITOTIC_ENTRY_AND_IN_EARLY_MITOSIS,REACTOME_FBXL7_DOWN_REGULATES_AURKA_DURING_MITOTIC_ENTRY_AND_IN_EARLY_MITOSIS,37,-0.736872850569024,-2.1552574892527363,3.9153179190101727e-7,2.031447643363355e-5,1.482114272985632e-5,1225,"tags=43%, list=8%, signal=40%",PSMD6/PSMA6/PSMB5/PSMA3/SKP1/PSMA1/PSMA5/PSMB1/PSMA2/PSMB4/PSMD14/ADRM1/PSMD13/PSMB6/PSMA7/PSMB3
REACTOME_CROSS_PRESENTATION_OF_SOLUBLE_EXOGENOUS_ANTIGENS_ENDOSOMES,REACTOME_CROSS_PRESENTATION_OF_SOLUBLE_EXOGENOUS_ANTIGENS_ENDOSOMES,39,-0.7337169093230878,-2.164303043739491,4.525910467919616e-7,2.2612789708235416e-5,1.649795823588632e-5,1898,"tags=51%, list=12%, signal=45%",PSMB9/PSMB10/FCGR1A/PSMD6/PSMA6/PSMB5/PSMA3/MRC1/PSMA1/PSMA5/PSMB1/PSMA2/PSME2/PSMB4/PSMD14/ADRM1/PSMD13/PSMB6/PSMA7/PSMB3
REACTOME_SCF_BETA_TRCP_MEDIATED_DEGRADATION_OF_EMI1,REACTOME_SCF_BETA_TRCP_MEDIATED_DEGRADATION_OF_EMI1,38,-0.7319448461827801,-2.1378974869240843,5.958023228727293e-7,2.8704904769832567e-5,2.0942675634812102e-5,1225,"tags=42%, list=8%, signal=39%",PSMD6/PSMA6/PSMB5/PSMA3/SKP1/PSMA1/PSMA5/PSMB1/PSMA2/PSMB4/PSMD14/ADRM1/PSMD13/PSMB6/PSMA7/PSMB3
REACTOME_S_PHASE,REACTOME_S_PHASE,143,-0.5228882267476318,-1.9012575852828428,7.699362980508233e-7,3.581531262312278e-5,2.613032445290453e-5,2014,"tags=35%, list=13%, signal=31%",CDK2/MCM7/POLD1/GINS2/MCM3/MCM2/ESCO1/UBE2E1/CCNE2/MNAT1/RFC3/CDT1/RFC4/PRIM1/ANAPC16/LIN52/PSMD6/GMNN/POLD4/RFC2/PSMA6/PSMB5/RBBP4/POLE4/PSMA3/SKP1/CDC45/ORC4/STAG1/PSMA1/PSMA5/PRIM2/CDC26/PSMB1/CDKN1B/PSMA2/CCNH/POLA1/PSMB4/PSMD14/ANAPC11/ADRM1/RPA3/PSMD13/PSMB6/PSMA7/CDK4/E2F5/PSMB3/CABLES1
REACTOME_DEGRADATION_OF_CRY_AND_PER_PROTEINS,REACTOME_DEGRADATION_OF_CRY_AND_PER_PROTEINS,43,-0.7103696108217665,-2.1574083190693525,8.389979084010739e-7,3.7726939281101625e-5,2.7525019100175585e-5,1488,"tags=47%, list=10%, signal=42%",FBXL3/PSMD6/PER3/PSMA6/PSMB5/PSMA3/SKP1/PSMA1/PSMA5/PSMB1/PSMA2/PSMB4/PSMD14/PER2/ADRM1/PSMD13/PSMB6/PSMA7/PSMB3/CRY1
REACTOME_HEDGEHOG_LIGAND_BIOGENESIS,REACTOME_HEDGEHOG_LIGAND_BIOGENESIS,48,-0.6865838924611296,-2.134743299169886,9.738026733704765e-7,4.237612278634751e-5,3.091699489308644e-5,1571,"tags=38%, list=10%, signal=34%",P4HB/ADAM17/PSMD6/PSMA6/PSMB5/PSMA3/PSMA1/PSMA5/PSMB1/PSMA2/DERL2/PSMB4/PSMD14/ADRM1/PSMD13/PSMB6/PSMA7/PSMB3
REACTOME_ACTIVATION_OF_NF_KAPPAB_IN_B_CELLS,REACTOME_ACTIVATION_OF_NF_KAPPAB_IN_B_CELLS,49,-0.6841602651948718,-2.1396546830135144,1.3296236799902166e-6,5.605194825958757e-5,4.089467568390962e-5,1225,"tags=37%, list=8%, signal=34%",PSMD6/PSMA6/PSMB5/PSMA3/SKP1/PSMA1/PSMA5/PSMB1/PSMA2/PSMB4/PSMD14/ADRM1/PSMD13/PSMB6/PSMA7/PSMB3/NFKB1/BCL10
REACTOME_UBIQUITIN_DEPENDENT_DEGRADATION_OF_CYCLIN_D,REACTOME_UBIQUITIN_DEPENDENT_DEGRADATION_OF_CYCLIN_D,35,-0.7377013669340783,-2.116244360965411,1.8329017881302135e-6,7.4926803399626e-5,5.4665491926690584e-5,1225,"tags=46%, list=8%, signal=42%",PSMD6/PSMA6/PSMB5/PSMA3/PSMA1/PSMA5/PSMB1/PSMA2/PSMB4/PSMD14/ADRM1/PSMD13/PSMB6/PSMA7/CDK4/PSMB3
REACTOME_RIBOSOME_QUALITY_CONTROL_RQC_COMPLEX_EXTRACTS_AND_DEGRADES_NASCENT_PEPTIDE,REACTOME_RIBOSOME_QUALITY_CONTROL_RQC_COMPLEX_EXTRACTS_AND_DEGRADES_NASCENT_PEPTIDE,45,-0.6873847590461639,-2.0970985556504704,2.815622674444197e-6,1.1171397023015359e-4,8.150486689180569e-5,1225,"tags=40%, list=8%, signal=37%",PSMD6/PSMA6/PSMB5/PSMA3/PSMA1/PSMA5/PSMB1/RPLP0/PSMA2/PSMB4/PSMD14/ADRM1/PSMD13/RPLP2/PSMB6/PSMA7/PSMB3/ANKZF1
REACTOME_SYNTHESIS_OF_DNA,REACTOME_SYNTHESIS_OF_DNA,102,-0.548906340912274,-1.900033560838813,3.0294283916263427e-6,1.1676282572296962e-4,8.518843747881595e-5,2322,"tags=40%, list=15%, signal=34%",ANAPC10/CDK2/MCM7/POLD1/GINS2/MCM3/MCM2/UBE2E1/CCNE2/RFC3/CDT1/RFC4/PRIM1/ANAPC16/PSMD6/GMNN/POLD4/RFC2/PSMA6/PSMB5/POLE4/PSMA3/SKP1/CDC45/ORC4/PSMA1/PSMA5/PRIM2/CDC26/PSMB1/PSMA2/POLA1/PSMB4/PSMD14/ANAPC11/ADRM1/RPA3/PSMD13/PSMB6/PSMA7/PSMB3
REACTOME_GSK3B_MEDIATED_PROTEASOMAL_DEGRADATION_OF_PD_L1_CD274,REACTOME_GSK3B_MEDIATED_PROTEASOMAL_DEGRADATION_OF_PD_L1_CD274,39,-0.709500543388539,-2.0928701057296433,3.6084249036159622e-6,1.3449240020659752e-4,9.812367382713798e-5,1225,"tags=41%, list=8%, signal=38%",PSMD6/PSMA6/PSMB5/PSMA3/SKP1/PSMA1/PSMA5/PSMB1/PSMA2/PSMB4/PSMD14/ADRM1/PSMD13/PSMB6/PSMA7/PSMB3
REACTOME_RUNX1_REGULATES_TRANSCRIPTION_OF_GENES_INVOLVED_IN_DIFFERENTIATION_OF_HSCS,REACTOME_RUNX1_REGULATES_TRANSCRIPTION_OF_GENES_INVOLVED_IN_DIFFERENTIATION_OF_HSCS,53,-0.6603794250282238,-2.0859204706238335,3.688820465266203e-6,1.3449240020659752e-4,9.812367382713798e-5,1507,"tags=32%, list=10%, signal=29%",MNAT1/PSMD6/PSMA6/PSMB5/PSMA3/PSMA1/PSMA5/PSMB1/PSMA2/CCNH/PSMB4/PSMD14/ADRM1/PSMD13/PSMB6/PSMA7/PSMB3
REACTOME_RRNA_PROCESSING,REACTOME_RRNA_PROCESSING,110,-0.5387489376392582,-1.8792562394175847,4.026213531535071e-6,1.4293058036949502e-4,1.0428004576136542e-4,1954,"tags=34%, list=13%, signal=30%",SENP3/TRMT10C/RIOK2/TBL3/MPHOSPH10/ISG20L2/DKC1/EXOSC8/EXOSC3/IMP4/RRP9/PNO1/NIP7/RPP30/FAU/RCL1/FBL/HSD17B10/EXOSC7/FASTKD2/RPLP0/EXOSC4/NGRN/IMP3/DIMT1/RPSA/UTP14A/RPLP2/NOP10/NHP2/GNL3/TRMT112/RPP14/FCF1/RRP36/EMG1/RPP21
REACTOME_REGULATION_OF_RUNX3_EXPRESSION_AND_ACTIVITY,REACTOME_REGULATION_OF_RUNX3_EXPRESSION_AND_ACTIVITY,41,-0.693930902791742,-2.080209111713191,5.402561613438229e-6,1.8687322093661977e-4,1.3633994894911587e-4,1225,"tags=37%, list=8%, signal=34%",PSMD6/PSMA6/PSMB5/PSMA3/PSMA1/PSMA5/PSMB1/PSMA2/PSMB4/PSMD14/ADRM1/PSMD13/PSMB6/PSMA7/PSMB3
REACTOME_REGULATION_OF_APOPTOSIS,REACTOME_REGULATION_OF_APOPTOSIS,36,-0.7127395901701788,-2.067509324154781,7.259014668922587e-6,2.4481026970941424e-4,1.7860996619585838e-4,1225,"tags=42%, list=8%, signal=38%",PSMD6/PSMA6/PSMB5/PSMA3/PSMA1/PSMA5/PSMB1/PSMA2/PSMB4/PSMD14/ADRM1/PSMD13/PSMB6/PSMA7/PSMB3
REACTOME_ORC1_REMOVAL_FROM_CHROMATIN,REACTOME_ORC1_REMOVAL_FROM_CHROMATIN,53,-0.6512639895032218,-2.0571278207628225,8.215573520754981e-6,2.662887069487119e-4,1.942803175818701e-4,3573,"tags=60%, list=23%, signal=47%",ORC3/PSMC3/ORC6/PSMB2/PSMC4/PSMD7/SKP2/UBC/CDC6/PSMC6/CDK2/MCM7/MCM3/MCM2/CDT1/PSMD6/PSMA6/PSMB5/PSMA3/SKP1/ORC4/PSMA1/PSMA5/PSMB1/PSMA2/PSMB4/PSMD14/ADRM1/PSMD13/PSMB6/PSMA7/PSMB3
REACTOME_TRNA_PROCESSING,REACTOME_TRNA_PROCESSING,98,-0.5519269369634202,-1.8869208416025172,8.290678793065901e-6,2.662887069487119e-4,1.942803175818701e-4,1411,"tags=33%, list=9%, signal=30%",ADAT1/OSGEP/TRMT44/TRMT12/POP1/URM1/RPP30/TRNT1/TSEN34/CTU1/HSD17B10/QTRT1/POP5/TYW1/PUS7/POP7/FAM98B/CTU2/NUP85/CLP1/CDKAL1/TSEN15/C2orf49/RAN/TSEN2/NUP35/TP53RK/YRDC/SEC13/TRMT112/RPP14/RPP21
REACTOME_ASYMMETRIC_LOCALIZATION_OF_PCP_PROTEINS,REACTOME_ASYMMETRIC_LOCALIZATION_OF_PCP_PROTEINS,47,-0.6575011841096698,-2.023039635136782,9.404844898619751e-6,2.9504966902879176e-4,2.1526389180439334e-4,1225,"tags=36%, list=8%, signal=33%",PSMD6/PSMA6/PSMB5/PSMA3/PSMA1/PSMA5/PSMB1/PSMA2/PSMB4/PSMD14/ADRM1/PSMD13/PARD6A/DVL2/PSMB6/PSMA7/PSMB3
REACTOME_RNA_POLYMERASE_II_TRANSCRIBES_SNRNA_GENES,REACTOME_RNA_POLYMERASE_II_TRANSCRIBES_SNRNA_GENES,68,-0.6044568016023545,-1.9837604618520162,1.0353904224787527e-5,3.039571995162147e-4,2.2176269482085032e-4,1202,"tags=31%, list=8%, signal=29%",POLR2G/NCBP2/TAF8/GTF2A2/SSU72/POLR2H/POLR2C/TAF5/POLR2E/RPRD1B/GTF2E2/POLR2F/SNAPC5/TAF9/POLR2D/POLR2L/TAF13/POLR2K/SUPT4H1/POLR2J/POLR2I
REACTOME_THE_ROLE_OF_GTSE1_IN_G2_M_PROGRESSION_AFTER_G2_CHECKPOINT,REACTOME_THE_ROLE_OF_GTSE1_IN_G2_M_PROGRESSION_AFTER_G2_CHECKPOINT,55,-0.6235588511175094,-1.9738893965761648,1.0141023064328962e-5,3.039571995162147e-4,2.2176269482085032e-4,1225,"tags=29%, list=8%, signal=27%",PSMD6/PSMA6/PSMB5/PSMA3/PSMA1/PSMA5/PSMB1/PSMA2/CCNB2/PSMB4/PSMD14/ADRM1/PSMD13/PSMB6/PSMA7/PSMB3
REACTOME_NEUROTRANSMITTER_RECEPTORS_AND_POSTSYNAPTIC_SIGNAL_TRANSMISSION,REACTOME_NEUROTRANSMITTER_RECEPTORS_AND_POSTSYNAPTIC_SIGNAL_TRANSMISSION,180,0.4569689219120414,1.7491941219124802,1.036473771515632e-5,3.039571995162147e-4,2.2176269482085032e-4,3644,"tags=37%, list=24%, signal=28%",GNG2/PRKACB/GABRB1/GABBR1/GNG3/GABRB3/DLG3/PRKAB2/ADCY7/MAPK1/MAPK3/CAMK2G/GRIA3/ERBB4/CASK/KCNJ16/NSF/GRIK4/TUBA1C/RASGRF2/PRKAA2/GABBR2/PRKAR2A/CHRNA4/KCNJ10/SRC/ADCY6/CAMK2D/GABRB2/NEFL/CAMKK1/PPM1E/PRKAR1B/RAC1/CACNG3/PRKCG/MYO6/APBA1/AP2A1/PRKCA/GRIN1/PRKACA/RASGRF1/AKAP5/TUBB3/GRIN2D/NBEA/GNB1/GNAL/GRIN2A/GABRA5/GABRR2/GABRA3/PRKAR1A/GNAI2/CHRNB2/KCNJ3/GRIP1/PLCB1/HTR3A/GLRA3/ADCY4/KRAS/PDPK1/CHRNA6/PPM1F
REACTOME_MITOTIC_G1_PHASE_AND_G1_S_TRANSITION,REACTOME_MITOTIC_G1_PHASE_AND_G1_S_TRANSITION,132,-0.504547009355997,-1.810468662577156,1.1175134758103186e-5,3.207501444400255e-4,2.3401458004090658e-4,3755,"tags=48%, list=24%, signal=36%",LYN/POLE3/AKT2/LIN9/ORC3/PSMC3/E2F4/E2F6/ORC6/PSMB2/PSMC4/PSMD7/CDKN2B/RPA2/SKP2/UBC/CCNB1/TFDP1/CDC6/FBXO5/MAX/PSMC6/PPP2R1B/DBF4/CDK2/MCM7/CDK6/MCM3/MCM2/CCNE2/MNAT1/CDT1/PRIM1/LIN52/PSMD6/GMNN/PSMA6/PSMB5/RBBP4/POLE4/PSMA3/SKP1/CDC45/ORC4/PSMA1/PSMA5/PRIM2/PSMB1/CDKN1B/PSMA2/CCNH/POLA1/PSMB4/PSMD14/ADRM1/RPA3/PSMD13/PSMB6/PSMA7/CDK4/E2F5/PSMB3/CABLES1
REACTOME_DEGRADATION_OF_AXIN,REACTOME_DEGRADATION_OF_AXIN,38,-0.6908142562418841,-2.0177614065500884,1.2404575086580856e-5,3.486202456624495e-4,2.543481953059891e-4,1225,"tags=39%, list=8%, signal=36%",PSMD6/PSMA6/PSMB5/PSMA3/PSMA1/PSMA5/PSMB1/PSMA2/PSMB4/PSMD14/ADRM1/PSMD13/PSMB6/PSMA7/PSMB3
REACTOME_STABILIZATION_OF_P53,REACTOME_STABILIZATION_OF_P53,39,-0.6889993871637896,-2.032396216885594,1.3373720914503906e-5,3.5559828365646566e-4,2.5943926902484914e-4,1225,"tags=38%, list=8%, signal=36%",PSMD6/PSMA6/PSMB5/PSMA3/PSMA1/PSMA5/PSMB1/PSMA2/PSMB4/PSMD14/ADRM1/PSMD13/PSMB6/PSMA7/PSMB3
REACTOME_METABOLISM_OF_POLYAMINES,REACTOME_METABOLISM_OF_POLYAMINES,44,-0.6672870198986547,-2.028836324499154,1.344367121310582e-5,3.5559828365646566e-4,2.5943926902484914e-4,1259,"tags=39%, list=8%, signal=36%",AMD1/PSMD6/PSMA6/PSMB5/PSMA3/OAZ1/PSMA1/PSMA5/PSMB1/PSMA2/PSMB4/PSMD14/ADRM1/PSMD13/PSMB6/PSMA7/PSMB3
REACTOME_HIV_INFECTION,REACTOME_HIV_INFECTION,200,-0.45240446319754635,-1.7068824820402513,1.3299967986324042e-5,3.5559828365646566e-4,2.5943926902484914e-4,1511,"tags=26%, list=10%, signal=24%",RANBP1/MNAT1/TCEA1/RCC1/CHMP5/RNGTT/TAF7/PSMD6/POLR2G/NCBP2/GTF2H4/TAF8/GTF2A2/AP2S1/PSMA6/PSMB5/PSMA3/POLR2H/POLR2C/SKP1/TAF5/POLR2E/PSMA1/GTF2E2/PSMA5/CHMP2A/POLR2F/NUP85/TAF15/PSMB1/TAF9/PSMA2/RAN/CCNH/POLR2D/NUP35/PSMB4/PSMD14/ADRM1/PSMD13/BANF1/MVB12A/POLR2L/TAF13/SEC13/POLR2K/PSMB6/PSMA7/SUPT4H1/POLR2J/PSMB3/POLR2I/TAF4
REACTOME_CELLULAR_RESPONSE_TO_HYPOXIA,REACTOME_CELLULAR_RESPONSE_TO_HYPOXIA,54,-0.6202924176611154,-1.9633413055126872,1.4872657317286566e-5,3.846673982556681e-4,2.806476667855719e-4,1225,"tags=30%, list=8%, signal=27%",PSMD6/PSMA6/PSMB5/PSMA3/PSMA1/HIGD1A/PSMA5/PSMB1/PSMA2/PSMB4/PSMD14/ADRM1/PSMD13/PSMB6/PSMA7/PSMB3
REACTOME_NEGATIVE_REGULATION_OF_THE_PI3K_AKT_NETWORK,REACTOME_NEGATIVE_REGULATION_OF_THE_PI3K_AKT_NETWORK,115,0.5079755478349586,1.8445754095559401,1.5112951895886142e-5,3.846673982556681e-4,2.806476667855719e-4,3630,"tags=39%, list=23%, signal=30%",PDGFRA/KIT/EGFR/PIK3R1/FYN/MAPK1/MAPK3/ERBB4/GAB2/PIP5K1A/PIK3CD/NTRK2/PPP2R5E/FGF1/PIK3CA/PHLPP1/PTEN/PHLPP2/PDGFRB/SRC/FGF5/PIP4K2B/NRG3/RAC1/PIP4K2A/PIK3R2/PIK3AP1/FGFR1/PPP2R1A/PPP2CB/NRG4/FGF18/PTPN11/AKT1/FGFR3/TRAF6/FGF2/PIP4K2C/PIK3CB/PIP5K1C/GAB1/FGF9/PDGFA/IRS1/STRN
REACTOME_AUF1_HNRNP_D0_BINDS_AND_DESTABILIZES_MRNA,REACTOME_AUF1_HNRNP_D0_BINDS_AND_DESTABILIZES_MRNA,37,-0.6838188445293468,-2.0000814045814455,1.6181323719550386e-5,4.04233438845805e-4,2.9492276175008985e-4,1225,"tags=41%, list=8%, signal=37%",PSMD6/PSMA6/PSMB5/PSMA3/PSMA1/PSMA5/PSMB1/PSMA2/PSMB4/PSMD14/ADRM1/PSMD13/PSMB6/PSMA7/PSMB3
REACTOME_INHIBITION_OF_DNA_RECOMBINATION_AT_TELOMERE,REACTOME_INHIBITION_OF_DNA_RECOMBINATION_AT_TELOMERE,20,-0.791780941576697,-2.07205301118857,1.649419429838311e-5,4.0455760197306937e-4,2.951592663921188e-4,1202,"tags=50%, list=8%, signal=46%",POLR2G/POLR2H/POLR2C/POLR2E/POLR2F/POLR2D/POLR2L/POLR2K/POLR2J/POLR2I
REACTOME_DNA_REPLICATION,REACTOME_DNA_REPLICATION,117,-0.5049285373193326,-1.7895140054088516,1.6951775181745512e-5,4.083561557174053e-4,2.9793063524308374e-4,2616,"tags=40%, list=17%, signal=34%",PSMC6/MGME1/RNASEH1/DBF4/ANAPC10/CDK2/MCM7/POLD1/GINS2/MCM3/MCM2/UBE2E1/CCNE2/RFC3/CDT1/RFC4/PRIM1/ANAPC16/TOP3A/PSMD6/SSBP1/GMNN/POLD4/RFC2/PSMA6/PSMB5/POLE4/PSMA3/SKP1/CDC45/ORC4/PSMA1/PSMA5/PRIM2/CDC26/PSMB1/PSMA2/POLA1/PSMB4/PSMD14/ANAPC11/ADRM1/RPA3/PSMD13/PSMB6/PSMA7/PSMB3
REACTOME_ABORTIVE_ELONGATION_OF_HIV_1_TRANSCRIPT_IN_THE_ABSENCE_OF_TAT,REACTOME_ABORTIVE_ELONGATION_OF_HIV_1_TRANSCRIPT_IN_THE_ABSENCE_OF_TAT,23,-0.7694195899881289,-2.0669330982832954,1.811197272270148e-5,4.212595034986947e-4,3.0734472769012493e-4,1202,"tags=52%, list=8%, signal=48%",POLR2G/NCBP2/POLR2H/POLR2C/POLR2E/POLR2F/POLR2D/POLR2L/POLR2K/SUPT4H1/POLR2J/POLR2I
REACTOME_PROTEIN_LOCALIZATION,REACTOME_PROTEIN_LOCALIZATION,149,-0.4799752277446848,-1.7589663573400174,1.807025669660604e-5,4.212595034986947e-4,3.0734472769012493e-4,2030,"tags=39%, list=13%, signal=34%",PEX26/MLYCD/PEX13/UBL4A/VAPA/UBE2D2/COQ2/GRPEL2/PEX5/DNAJC19/NUDT7/PEX14/CHCHD7/ECH1/TIMM8B/CHCHD10/ZFAND6/TIMM23/TYSND1/MPV17/CHCHD3/HSCB/CHCHD5/STX5/TIMM10/NDUFB8/PEX10/FIS1/SEC61G/COX19/MTX1/PEX2/FXN/ACAA1/TIMM50/HMGCL/CYC1/TIMM10B/SGTA/TOMM22/COX17/EMD/COA4/TIMM22/GET4/SERP1/CHCHD4/TIMM13/ACOT8/TOMM7/TIMM44/PAM16/SEC61B/TIMM17B/DHRS4/GRPEL1/TIMM21/CHCHD2
REACTOME_REGULATION_OF_CHOLESTEROL_BIOSYNTHESIS_BY_SREBP_SREBF,REACTOME_REGULATION_OF_CHOLESTEROL_BIOSYNTHESIS_BY_SREBP_SREBF,54,0.6067637064143218,1.975206370763547,1.8860598007764526e-5,4.312363849571923e-4,3.14623713421228e-4,1864,"tags=37%, list=12%, signal=33%",SEC23A/TBL1XR1/NCOA1/ACACA/TBL1X/KPNB1/NCOA2/SEC24B/SEC24D/SQLE/HMGCS1/DHCR7/LSS/SC5D/CARM1/MBTPS2/FASN/SCD/GPAM/FDPS
REACTOME_ACTIVATION_OF_GENE_EXPRESSION_BY_SREBF_SREBP,REACTOME_ACTIVATION_OF_GENE_EXPRESSION_BY_SREBF_SREBP,41,0.6617142782277566,2.031000724272238,1.9482408286586866e-5,4.3802947964342805e-4,3.1957985522734593e-4,2851,"tags=46%, list=18%, signal=38%",TBL1XR1/NCOA1/ACACA/TBL1X/NCOA2/SQLE/HMGCS1/DHCR7/LSS/SC5D/CARM1/FASN/SCD/GPAM/FDPS/FDFT1/SP1/MED1/SREBF2
REACTOME_ANTIGEN_PROCESSING_UB_ATP_INDEPENDENT_PROTEASOMAL_DEGRADATION,REACTOME_ANTIGEN_PROCESSING_UB_ATP_INDEPENDENT_PROTEASOMAL_DEGRADATION,19,-0.8070028811993957,-2.081907812721241,2.1244432252615254e-5,4.5667033755214504e-4,3.331799505374396e-4,1898,"tags=74%, list=12%, signal=65%",PSMB9/PSMB10/PSMA6/PSMB5/PSMA3/PSMA1/PSMA5/PSMB1/PSMA2/PSME2/PSMB4/PSMB6/PSMA7/PSMB3
REACTOME_SOMITOGENESIS,REACTOME_SOMITOGENESIS,43,-0.6681389565568283,-2.029152882120799,2.1010888683865795e-5,4.5667033755214504e-4,3.331799505374396e-4,1225,"tags=37%, list=8%, signal=34%",LFNG/PSMD6/PSMA6/PSMB5/PSMA3/PSMA1/PSMA5/PSMB1/PSMA2/PSMB4/PSMD14/ADRM1/PSMD13/PSMB6/PSMA7/PSMB3
REACTOME_REGULATION_OF_EXPRESSION_OF_SLITS_AND_ROBOS,REACTOME_REGULATION_OF_EXPRESSION_OF_SLITS_AND_ROBOS,68,-0.590726450939283,-1.9386989674647244,2.1327080256327013e-5,4.5667033755214504e-4,3.331799505374396e-4,1402,"tags=32%, list=9%, signal=30%",MAGOHB/PSMD6/NCBP2/FAU/PSMA6/PSMB5/PSMA3/PSMA1/PSMA5/PSMB1/RPLP0/PSMA2/RPSA/PSMB4/PSMD14/ADRM1/PSMD13/RPLP2/PSMB6/PSMA7/PSMB3/MAGOH
REACTOME_CHROMOSOME_MAINTENANCE,REACTOME_CHROMOSOME_MAINTENANCE,86,-0.5563236987732271,-1.8794044924492774,2.305235068174246e-5,4.8590032921360277e-4,3.545057218327171e-4,2490,"tags=38%, list=16%, signal=32%",RUVBL1/DAXX/CDK2/WRAP53/RUVBL2/CENPC/TEN1/POLD1/DKC1/RFC3/RFC4/PRIM1/CENPQ/POLR2G/SHQ1/POLD4/RFC2/RBBP4/POLR2H/POLR2C/POLR2E/PRIM2/POLR2F/POLR2D/MIS18A/POLA1/RPA3/POLR2L/NOP10/POLR2K/NHP2/POLR2J/POLR2I
REACTOME_NEGATIVE_REGULATION_OF_NOTCH4_SIGNALING,REACTOME_NEGATIVE_REGULATION_OF_NOTCH4_SIGNALING,39,-0.6805345550534764,-2.0074268292807793,2.4472423721837293e-5,5.002015091024015e-4,3.649396519923105e-4,1225,"tags=41%, list=8%, signal=38%",PSMD6/PSMA6/PSMB5/PSMA3/SKP1/PSMA1/PSMA5/PSMB1/PSMA2/PSMB4/PSMD14/ADRM1/PSMD13/PSMB6/PSMA7/PSMB3
REACTOME_PROTEIN_PROTEIN_INTERACTIONS_AT_SYNAPSES,REACTOME_PROTEIN_PROTEIN_INTERACTIONS_AT_SYNAPSES,82,0.5370300812233164,1.8614453821264079,2.4391755549299e-5,5.002015091024015e-4,3.649396519923105e-4,3731,"tags=50%, list=24%, signal=38%",FLOT2/DLG3/SLITRK3/GRIA3/NLGN3/CASK/HOMER2/SYT10/PPFIA2/LRFN2/LRRTM1/RTN3/PDLIM5/NRXN1/PTPRF/FLOT1/SYT1/GRM1/SLITRK2/LRRTM2/PTPRS/SLITRK5/SHANK2/SYT7/APBA1/GRIN1/LRFN3/DLGAP4/EPB41L3/NLGN2/GRIN2D/DLGAP1/IL1RAPL1/PPFIA3/GRIN2A/PPFIBP2/LRRTM4/STX1A/SLITRK1/DBNL/IL1RAP
REACTOME_PIWI_INTERACTING_RNA_PIRNA_BIOGENESIS,REACTOME_PIWI_INTERACTING_RNA_PIRNA_BIOGENESIS,26,-0.7522141568629989,-2.091209416894409,2.525162349259053e-5,5.084244789776809e-4,3.7093900967120414e-4,1202,"tags=38%, list=8%, signal=36%",POLR2G/POLR2H/POLR2C/POLR2E/POLR2F/POLR2D/POLR2L/POLR2K/POLR2J/POLR2I
REACTOME_PI_METABOLISM,REACTOME_PI_METABOLISM,80,0.5543534570098263,1.9127024628271103,2.7362137983111702e-5,5.428165314590837e-4,3.9603094449240623e-4,3619,"tags=48%, list=23%, signal=37%",OCRL/RAB4A/PIK3R1/RAB5A/TNFAIP8L3/MTMR6/SYNJ1/PIK3C3/PLEKHA2/SYNJ2/PIP5K1A/PIK3CD/PIK3CA/PTEN/SBF1/PIKFYVE/PI4KA/MTMR1/PIP4K2B/INPP5E/PIP4K2A/PIK3R2/ENPP6/MTMR9/ARF3/INPP5K/MTMR7/SBF2/PIP4K2C/PIK3CB/MTMR10/PIP5K1C/INPP4A/FIG4/MTMR3/PTPN13/PNPLA6/PI4K2A
REACTOME_P53_DEPENDENT_G1_DNA_DAMAGE_RESPONSE,REACTOME_P53_DEPENDENT_G1_DNA_DAMAGE_RESPONSE,48,-0.6406418413384269,-1.9918991589836783,3.0300883644938445e-5,5.924042324206082e-4,4.322094005799762e-4,1521,"tags=35%, list=10%, signal=32%",CCNE2/PSMD6/PSMA6/PSMB5/PSMA3/PSMA1/PSMA5/PSMB1/CDKN1B/PSMA2/PSMB4/PSMD14/ADRM1/PSMD13/PSMB6/PSMA7/PSMB3
REACTOME_DEGRADATION_OF_DVL,REACTOME_DEGRADATION_OF_DVL,39,-0.6763882042060372,-1.9951960088574043,3.1984909809153374e-5,6.082548945900625e-4,4.4377381018431466e-4,1225,"tags=41%, list=8%, signal=38%",PSMD6/PSMA6/PSMB5/PSMA3/PSMA1/PSMA5/PSMB1/PSMA2/PSMB4/PSMD14/ADRM1/PSMD13/DVL2/PSMB6/PSMA7/PSMB3
REACTOME_TRANSCRIPTION_OF_THE_HIV_GENOME,REACTOME_TRANSCRIPTION_OF_THE_HIV_GENOME,66,-0.5810801362141015,-1.900018638535881,3.201341550474013e-5,6.082548945900625e-4,4.4377381018431466e-4,1507,"tags=39%, list=10%, signal=36%",MNAT1/TCEA1/RNGTT/TAF7/POLR2G/NCBP2/GTF2H4/TAF8/GTF2A2/POLR2H/POLR2C/TAF5/POLR2E/GTF2E2/POLR2F/TAF15/TAF9/CCNH/POLR2D/POLR2L/TAF13/POLR2K/SUPT4H1/POLR2J/POLR2I/TAF4
REACTOME_RORA_B_C_AND_NR1D1_REV_ERBA_REGULATE_GENE_EXPRESSION,REACTOME_RORA_B_C_AND_NR1D1_REV_ERBA_REGULATE_GENE_EXPRESSION,24,0.7550106423409236,2.0294717216180893,3.3220669006870413e-5,6.138997601406602e-4,4.4789222092896666e-4,1511,"tags=46%, list=10%, signal=41%",TBL1XR1/NCOA1/TBL1X/NCOA2/PPARGC1A/CPT1A/RORA/NRIP1/HDAC3/NCOR1/CARM1
REACTOME_SIGNALING_BY_FGFR1,REACTOME_SIGNALING_BY_FGFR1,45,0.6409153010324207,2.014431027560298,3.31024853265189e-5,6.138997601406602e-4,4.4789222092896666e-4,3534,"tags=56%, list=23%, signal=43%",BRAF/CBL/PLCG1/PIK3R1/MAPK1/MAPK3/FLRT2/FGF1/PIK3CA/MKNK1/SRC/FGF5/TGFBR3/FGFR1/PPP2R1A/PPP2CB/FLRT3/FGF18/PTPN11/FGF2/SPRED1/GIPC1/GAB1/FGF9/KRAS
REACTOME_DEGRADATION_OF_GLI1_BY_THE_PROTEASOME,REACTOME_DEGRADATION_OF_GLI1_BY_THE_PROTEASOME,41,-0.6618552964752129,-1.9840554914392805,3.460088801603973e-5,6.22354639115168e-4,4.5406077607013546e-4,1225,"tags=39%, list=8%, signal=36%",PSMD6/PSMA6/PSMB5/PSMA3/SKP1/PSMA1/PSMA5/PSMB1/PSMA2/PSMB4/PSMD14/ADRM1/PSMD13/PSMB6/PSMA7/PSMB3
REACTOME_ACTIVATION_OF_NMDA_RECEPTORS_AND_POSTSYNAPTIC_EVENTS,REACTOME_ACTIVATION_OF_NMDA_RECEPTORS_AND_POSTSYNAPTIC_EVENTS,79,0.5486711888477858,1.8908382070883512,3.4333863929619885e-5,6.22354639115168e-4,4.5406077607013546e-4,3133,"tags=37%, list=20%, signal=29%",PRKACB/DLG3/PRKAB2/MAPK1/MAPK3/CAMK2G/GRIA3/ERBB4/CASK/TUBA1C/RASGRF2/PRKAA2/PRKAR2A/SRC/CAMK2D/NEFL/CAMKK1/PPM1E/PRKAR1B/RAC1/APBA1/GRIN1/PRKACA/RASGRF1/TUBB3/GRIN2D/NBEA/GRIN2A/PRKAR1A
REACTOME_SIGNALING_BY_FGFR3,REACTOME_SIGNALING_BY_FGFR3,35,0.6871122640288885,2.0608478121435287,3.5359074805235816e-5,6.276235777929357e-4,4.5790491610658564e-4,3534,"tags=60%, list=23%, signal=46%",BRAF/CBL/PLCG1/PIK3R1/MAPK1/MAPK3/FGF1/PIK3CA/MKNK1/SRC/FGF5/GALNT3/PPP2R1A/PPP2CB/FGF18/PTPN11/FGFR3/FGF2/GAB1/FGF9/KRAS
REACTOME_TELOMERE_MAINTENANCE,REACTOME_TELOMERE_MAINTENANCE,63,-0.5965145849781442,-1.932172821231361,4.5632264796773036e-5,7.99453574166842e-4,5.83269550033941e-4,2490,"tags=46%, list=16%, signal=39%",RUVBL1/DAXX/CDK2/WRAP53/RUVBL2/TEN1/POLD1/DKC1/RFC3/RFC4/PRIM1/POLR2G/SHQ1/POLD4/RFC2/POLR2H/POLR2C/POLR2E/PRIM2/POLR2F/POLR2D/POLA1/RPA3/POLR2L/NOP10/POLR2K/NHP2/POLR2J/POLR2I
REACTOME_SPOP_MEDIATED_PROTEASOMAL_DEGRADATION_OF_PD_L1_CD274,REACTOME_SPOP_MEDIATED_PROTEASOMAL_DEGRADATION_OF_PD_L1_CD274,41,-0.6504268992911454,-1.9497963802526594,5.9687165043317574e-5,0.001019215008144752,7.436042547035567e-4,1225,"tags=39%, list=8%, signal=36%",PSMD6/PSMA6/PSMB5/PSMA3/PSMA1/PSMA5/PSMB1/PSMA2/PSMB4/PSMD14/ADRM1/PSMD13/PSMB6/PSMA7/CDK4/PSMB3
REACTOME_METABOLISM_OF_AMINO_ACIDS_AND_DERIVATIVES,REACTOME_METABOLISM_OF_AMINO_ACIDS_AND_DERIVATIVES,243,-0.40588368643306205,-1.569269852664905,5.9444076132280556e-5,0.001019215008144752,7.436042547035567e-4,1654,"tags=27%, list=11%, signal=25%",SAT1/SLC5A5/SLC3A2/AIMP1/TPH2/SERINC2/GRHPR/TSTD1/FMO1/HIBCH/PSMC6/SERINC5/SRM/CTH/ASNS/ECHS1/HIBADH/AZIN1/CPS1/SMOX/AMT/SLC7A5/PAPSS1/SHMT1/GPT2/ADI1/AMD1/ADO/PSMD6/MPST/ENOPH1/FAU/PSMA6/PSMB5/PHGDH/PSMA3/OAZ1/MTRR/OAT/HSD17B10/BCKDHA/GATM/CKB/PSMA1/PSMA5/APIP/PSMB1/RPLP0/PSMA2/RPSA/PSMB4/PSMD14/ADRM1/PSMD13/EEFSEC/TST/RPLP2/PSMB6/PSMA7/AIMP2/BCKDHB/PSMB3/QDPR/PSPH/TXNDC11/PYCR2
REACTOME_FCGAMMA_RECEPTOR_FCGR_DEPENDENT_PHAGOCYTOSIS,REACTOME_FCGAMMA_RECEPTOR_FCGR_DEPENDENT_PHAGOCYTOSIS,80,0.5412086319038734,1.8673484760598875,6.778549135650945e-5,0.0011430328479991407,8.33939926557057e-4,3134,"tags=44%, list=20%, signal=35%",AHCYL1/CYFIP2/PLCG1/ITPR2/PIK3R1/CYFIP1/FYN/ABI2/MAPK1/MAPK3/ABI1/MYO5A/PRKCD/PIK3CA/WIPF2/PLD1/SRC/ABL1/NCKAP1/PLCG2/PLA2G6/NF2/MYH2/ARPC2/RAC1/PIK3R2/ACTR2/ELMO1/PRKCE/NCKIPSD/CFL1/SYK/WASF2/PAK1/PIK3CB
REACTOME_ABC_TRANSPORTER_DISORDERS,REACTOME_ABC_TRANSPORTER_DISORDERS,61,-0.5863533491896897,-1.887608491876469,7.381227674324684e-5,0.0012292933497116047,8.968743178029342e-4,1225,"tags=28%, list=8%, signal=26%",PSMD6/PSMA6/PSMB5/PSMA3/ERLIN1/PSMA1/PSMA5/PSMB1/PSMA2/DERL2/PSMB4/PSMD14/ADRM1/PSMD13/PSMB6/PSMA7/PSMB3
REACTOME_DECTIN_1_MEDIATED_NONCANONICAL_NF_KB_SIGNALING,REACTOME_DECTIN_1_MEDIATED_NONCANONICAL_NF_KB_SIGNALING,45,-0.6377015173309606,-1.945523105264337,7.686357164798735e-5,0.0012644994896723774,9.225601988558174e-4,1225,"tags=36%, list=8%, signal=33%",PSMD6/PSMA6/PSMB5/PSMA3/SKP1/PSMA1/PSMA5/PSMB1/PSMA2/PSMB4/PSMD14/ADRM1/PSMD13/PSMB6/PSMA7/PSMB3
REACTOME_SWITCHING_OF_ORIGINS_TO_A_POST_REPLICATIVE_STATE,REACTOME_SWITCHING_OF_ORIGINS_TO_A_POST_REPLICATIVE_STATE,73,-0.5596805796367337,-1.846497489575965,7.913726903152857e-5,0.0012862189870305066,9.384064241531922e-4,2322,"tags=53%, list=15%, signal=46%",ORC3/PSMC3/ORC6/PSMB2/PSMC4/PSMD7/SKP2/UBC/CDC6/PSMC6/ANAPC10/CDK2/MCM7/MCM3/MCM2/UBE2E1/CCNE2/CDT1/ANAPC16/PSMD6/GMNN/PSMA6/PSMB5/PSMA3/SKP1/ORC4/PSMA1/PSMA5/CDC26/PSMB1/PSMA2/PSMB4/PSMD14/ANAPC11/ADRM1/PSMD13/PSMB6/PSMA7/PSMB3
REACTOME_ACTIVATION_OF_APC_C_AND_APC_C_CDC20_MEDIATED_DEGRADATION_OF_MITOTIC_PROTEINS,REACTOME_ACTIVATION_OF_APC_C_AND_APC_C_CDC20_MEDIATED_DEGRADATION_OF_MITOTIC_PROTEINS,59,-0.5792061664236361,-1.8397288456745693,8.217856643020813e-5,0.0013197486442184615,9.628691680732406e-4,1372,"tags=34%, list=9%, signal=31%",UBE2E1/ANAPC16/PSMD6/MAD2L1/PSMA6/PSMB5/PSMA3/PSMA1/PSMA5/CDC26/PSMB1/PSMA2/PSMB4/PSMD14/ANAPC11/ADRM1/PSMD13/PSMB6/PSMA7/PSMB3
REACTOME_CDK_MEDIATED_PHOSPHORYLATION_AND_REMOVAL_OF_CDC6,REACTOME_CDK_MEDIATED_PHOSPHORYLATION_AND_REMOVAL_OF_CDC6,55,-0.5889479796680344,-1.8643279140666253,8.44885414500618e-5,0.0013408828519545102,9.782883746849262e-4,1663,"tags=36%, list=11%, signal=33%",UBE2E1/CCNE2/ANAPC16/PSMD6/PSMA6/PSMB5/PSMA3/PSMA1/PSMA5/CDC26/PSMB1/PSMA2/PSMB4/PSMD14/ANAPC11/ADRM1/PSMD13/PSMB6/PSMA7/PSMB3
REACTOME_SIGNALING_BY_FGFR4,REACTOME_SIGNALING_BY_FGFR4,35,0.6697367699630289,2.008733695127806,9.009292314381797e-5,0.001404152461576971,0.001024448949767444,3534,"tags=51%, list=23%, signal=40%",BRAF/CBL/PLCG1/PIK3R1/MAPK1/MAPK3/FGF1/PIK3CA/MKNK1/SRC/PPP2R1A/PPP2CB/FGF18/PTPN11/FGF2/GAB1/FGF9/KRAS
REACTOME_GLYCEROPHOSPHOLIPID_BIOSYNTHESIS,REACTOME_GLYCEROPHOSPHOLIPID_BIOSYNTHESIS,111,0.4921445682005191,1.774021394557549,9.055690449013823e-5,0.001404152461576971,0.001024448949767444,2137,"tags=26%, list=14%, signal=23%",SLC44A5/PCYT1B/PLA2G5/CSNK2A2/LPCAT3/MBOAT7/LPGAT1/AGPAT3/LPIN2/LCLAT1/OSBPL5/PITPNM3/CDS2/PNPLA2/PITPNM1/CPNE6/ETNPPL/PLD1/STARD7/LPIN1/PLA2G6/GPAM/OSBPL10/GPD1L/GPD2/PLA2G4E/PTDSS2/ABHD4/CPNE7
REACTOME_REGULATION_OF_MECP2_EXPRESSION_AND_ACTIVITY,REACTOME_REGULATION_OF_MECP2_EXPRESSION_AND_ACTIVITY,30,0.68371081115339,1.9595100510091996,1.0643190787532011e-4,0.001631552769588714,0.0011903568643950274,1753,"tags=40%, list=11%, signal=36%",TBL1XR1/TBL1X/HDAC1/MECP2/HTT/CAMK2G/HDAC3/NCOR1/AGO2/AGO1/CAMK2D/SIN3A
REACTOME_TRANSCRIPTIONAL_REGULATION_BY_MECP2,REACTOME_TRANSCRIPTIONAL_REGULATION_BY_MECP2,60,0.56952303393772,1.8800741634411569,1.224293347866558e-4,0.0018556985688449289,0.0013538903373805223,3103,"tags=38%, list=20%, signal=31%",TBL1XR1/TBL1X/HDAC1/MECP2/HTT/CAMK2G/HDAC3/PTEN/NCOR1/AGO2/AGO1/FKBP5/CAMK2D/SIN3A/GPRIN1/PTPN4/GAD2/PRKACA/DGCR8/HIPK2/GRIN2A/RBFOX1/MOV10
REACTOME_DOWNSTREAM_SIGNALING_EVENTS_OF_B_CELL_RECEPTOR_BCR,REACTOME_DOWNSTREAM_SIGNALING_EVENTS_OF_B_CELL_RECEPTOR_BCR,62,-0.57971208586811,-1.8668828310931698,1.3177539684275686e-4,0.0019751667815653224,0.0014410525853564638,1225,"tags=29%, list=8%, signal=27%",PSMD6/PSMA6/PSMB5/PSMA3/SKP1/PSMA1/PSMA5/PSMB1/PSMA2/PSMB4/PSMD14/ADRM1/PSMD13/PSMB6/PSMA7/PSMB3/NFKB1/BCL10
REACTOME_APC_C_CDH1_MEDIATED_DEGRADATION_OF_CDC20_AND_OTHER_APC_C_CDH1_TARGETED_PROTEINS_IN_LATE_MITOSIS_EARLY_G1,REACTOME_APC_C_CDH1_MEDIATED_DEGRADATION_OF_CDC20_AND_OTHER_APC_C_CDH1_TARGETED_PROTEINS_IN_LATE_MITOSIS_EARLY_G1,56,-0.5809170471788015,-1.839362701110353,1.3631935317789191e-4,0.002020822059746991,0.0014743620037169338,1663,"tags=34%, list=11%, signal=30%",UBE2E1/ANAPC16/PSMD6/PSMA6/PSMB5/PSMA3/PSMA1/PSMA5/CDC26/PSMB1/PSMA2/PSMB4/PSMD14/ANAPC11/ADRM1/PSMD13/PSMB6/PSMA7/PSMB3
REACTOME_AMPK_INDUCED_ERAD_AND_LYSOSOME_MEDIATED_DEGRADATION_OF_PD_L1_CD274,REACTOME_AMPK_INDUCED_ERAD_AND_LYSOSOME_MEDIATED_DEGRADATION_OF_PD_L1_CD274,51,-0.6050594437853669,-1.892215791748569,1.408722588832439e-4,0.002065616056885826,0.0015070430441170826,1225,"tags=33%, list=8%, signal=31%",PSMD6/PSMA6/PSMB5/PSMA3/ERLIN1/PSMA1/PSMA5/PSMB1/PSMA2/DERL2/PSMB4/PSMD14/ADRM1/PSMD13/PSMB6/PSMA7/PSMB3
REACTOME_G_PROTEIN_MEDIATED_EVENTS,REACTOME_G_PROTEIN_MEDIATED_EVENTS,50,0.5922953451290357,1.8857343920050949,1.4814871853630402e-4,0.0021478851900596854,0.001567065391678675,3238,"tags=46%, list=21%, signal=36%",AHCYL1/PRKACB/ITPR2/GNAQ/ADCY7/MAPK1/CAMK2G/PRKCD/PRKAR2A/ADCY6/CAMK2D/CAMKK1/PDE1A/PRKAR1B/GNA11/PRKCG/PRKCA/PRKACA/NBEA/GNAL/PRKAR1A/GNAI2/PLCB1
REACTOME_CONSTITUTIVE_SIGNALING_BY_ABERRANT_PI3K_IN_CANCER,REACTOME_CONSTITUTIVE_SIGNALING_BY_ABERRANT_PI3K_IN_CANCER,81,0.5201514423104385,1.8028374428503682,1.4966731494856221e-4,0.0021478851900596854,0.001567065391678675,3630,"tags=37%, list=23%, signal=28%",PDGFRA/KIT/EGFR/PIK3R1/FYN/ERBB4/GAB2/PIK3CD/NTRK2/FGF1/PIK3CA/PDGFRB/SRC/FGF5/NRG3/RAC1/PIK3R2/PIK3AP1/FGFR1/NRG4/FGF18/PTPN11/FGFR3/FGF2/PIK3CB/GAB1/FGF9/PDGFA/IRS1/STRN
REACTOME_APC_C_MEDIATED_DEGRADATION_OF_CELL_CYCLE_PROTEINS,REACTOME_APC_C_MEDIATED_DEGRADATION_OF_CELL_CYCLE_PROTEINS,70,-0.539138466367022,-1.769584317806442,1.5388449544899617e-4,0.0021851598353757455,0.0015942604237652233,1372,"tags=30%, list=9%, signal=27%",UBE2E1/ANAPC16/PSMD6/MAD2L1/PSMA6/PSMB5/PSMA3/SKP1/PSMA1/PSMA5/CDC26/PSMB1/PSMA2/PSMB4/PSMD14/ANAPC11/ADRM1/PSMD13/PSMB6/PSMA7/PSMB3
REACTOME_MRNA_CAPPING,REACTOME_MRNA_CAPPING,29,-0.6898720329608833,-1.9320524860309707,1.6926969832535693e-4,0.0023785919066761094,0.0017353856133136922,1507,"tags=52%, list=10%, signal=47%",MNAT1/RNGTT/POLR2G/NCBP2/GTF2H4/POLR2H/POLR2C/POLR2E/POLR2F/CCNH/POLR2D/POLR2L/POLR2K/POLR2J/POLR2I
REACTOME_SRP_DEPENDENT_COTRANSLATIONAL_PROTEIN_TARGETING_TO_MEMBRANE,REACTOME_SRP_DEPENDENT_COTRANSLATIONAL_PROTEIN_TARGETING_TO_MEMBRANE,28,-0.6996798600966777,-1.958914033691649,1.7543940030828188e-4,0.002439873721813116,0.0017800959228241298,1042,"tags=46%, list=7%, signal=43%",FAU/SRP14/SEC61G/SEC11A/RPLP0/SSR4/RPSA/SPCS2/SRP19/RPLP2/SPCS1/SEC61B/SEC11C
REACTOME_HEDGEHOG_ON_STATE,REACTOME_HEDGEHOG_ON_STATE,67,-0.5570479590259565,-1.8255009544545981,1.7768468863036774e-4,0.002445884132269042,0.001784481029746443,1789,"tags=27%, list=12%, signal=24%",DZIP1/SPOPL/PSMD6/PSMA6/PSMB5/BOC/PSMA3/PSMA1/PSMA5/PSMB1/PSMA2/PSMB4/PSMD14/ADRM1/PSMD13/PSMB6/PSMA7/PSMB3
REACTOME_SARS_COV_2_MODULATES_HOST_TRANSLATION_MACHINERY,REACTOME_SARS_COV_2_MODULATES_HOST_TRANSLATION_MACHINERY,15,-0.8110706601263539,-1.970893563604053,1.9933021657790739e-4,0.002664179481121142,0.0019437461003068688,1154,"tags=67%, list=7%, signal=62%",GEMIN8/SMN1/FAU/RPSA/SNRPB/SNRPD1/GEMIN7/SNRPF/GEMIN2/SNRPD2
REACTOME_FORMATION_OF_THE_EARLY_ELONGATION_COMPLEX,REACTOME_FORMATION_OF_THE_EARLY_ELONGATION_COMPLEX,33,-0.67237501550336,-1.9048871549485875,1.9721399859791292e-4,0.002664179481121142,0.0019437461003068688,1507,"tags=58%, list=10%, signal=52%",ERCC2/CTDP1/GTF2F1/GTF2H3/MNAT1/POLR2G/NCBP2/GTF2H4/POLR2H/POLR2C/POLR2E/POLR2F/CCNH/POLR2D/POLR2L/POLR2K/SUPT4H1/POLR2J/POLR2I
REACTOME_REGULATION_OF_RUNX2_EXPRESSION_AND_ACTIVITY,REACTOME_REGULATION_OF_RUNX2_EXPRESSION_AND_ACTIVITY,52,-0.596274870346543,-1.870706174845476,1.9946784847534125e-4,0.002664179481121142,0.0019437461003068688,1225,"tags=31%, list=8%, signal=28%",PSMD6/PSMA6/PSMB5/PSMA3/SKP1/PSMA1/PSMA5/PSMB1/PSMA2/PSMB4/PSMD14/ADRM1/PSMD13/PSMB6/PSMA7/PSMB3
REACTOME_SYNTHESIS_OF_PIPS_AT_THE_PLASMA_MEMBRANE,REACTOME_SYNTHESIS_OF_PIPS_AT_THE_PLASMA_MEMBRANE,51,0.5931526457796938,1.9054041746749744,2.0499507304359708e-4,0.002711160328782475,0.0019780226346312,3619,"tags=51%, list=23%, signal=39%",OCRL/RAB4A/PIK3R1/RAB5A/MTMR6/SYNJ1/PLEKHA2/SYNJ2/PIP5K1A/PIK3CD/PIK3CA/PTEN/MTMR1/PIP4K2B/PIP4K2A/PIK3R2/MTMR9/INPP5K/SBF2/PIP4K2C/PIK3CB/PIP5K1C/INPP4A/MTMR3/PTPN13/PI4K2A
REACTOME_ION_CHANNEL_TRANSPORT,REACTOME_ION_CHANNEL_TRANSPORT,164,0.42519229653526036,1.6137815906896926,2.076254970896569e-4,0.002719289277416963,0.001983953395797948,2597,"tags=25%, list=17%, signal=21%",ATP2B4/ATP6V1D/ATP8B2/UNC80/ATP6V1G2/TTYH1/WNK3/WWP1/TRPM3/CAMK2G/ASIC2/ATP2B3/TRPC5/ANO10/TRPV4/ANO6/ATP13A5/ANO5/ATP6V0A1/ATP6V1B2/MCOLN1/CAMK2D/TRPV2/ATP2A1/ATP8A2/TRPC4AP/ATP6V0E2/STOML3/FKBP1B/ATP13A1/BEST1/CLCN3/ATP8A1/ATP10A/ATP7A/PDZD11/ATP11C/ANO3/CLCN6/ATP2B1/ATP11B
REACTOME_INFLUENZA_VIRAL_RNA_TRANSCRIPTION_AND_REPLICATION,REACTOME_INFLUENZA_VIRAL_RNA_TRANSCRIPTION_AND_REPLICATION,49,-0.6011167404918428,-1.8799429231173534,2.1992935461100763e-4,0.0028527374939447047,0.002081315248596074,1202,"tags=35%, list=8%, signal=32%",POLR2G/FAU/POLR2H/POLR2C/POLR2E/POLR2F/NUP85/RPLP0/RPSA/POLR2D/NUP35/POLR2L/RPLP2/SEC13/POLR2K/POLR2J/POLR2I
REACTOME_NEGATIVE_REGULATION_OF_FGFR3_SIGNALING,REACTOME_NEGATIVE_REGULATION_OF_FGFR3_SIGNALING,24,0.7198234760727591,1.9348884735148553,2.3333367650449105e-4,0.0029977821867100806,0.0021871377196160313,2912,"tags=58%, list=19%, signal=47%",BRAF/CBL/MAPK1/MAPK3/FGF1/MKNK1/SRC/FGF5/PPP2R1A/PPP2CB/FGF18/PTPN11/FGFR3/FGF2
REACTOME_NR1H2_AND_NR1H3_MEDIATED_SIGNALING,REACTOME_NR1H2_AND_NR1H3_MEDIATED_SIGNALING,40,0.6150156316208484,1.8735056371567016,2.638470363641225e-4,0.003357826906181144,0.002449821042705606,1689,"tags=32%, list=11%, signal=29%",TBL1XR1/NCOA1/TBL1X/ARL4C/NRIP1/HDAC3/NCOR1/AGO2/AGO1/MYLIP/ABCA1/FASN/SCD
REACTOME_HIV_TRANSCRIPTION_INITIATION,REACTOME_HIV_TRANSCRIPTION_INITIATION,47,-0.603159834894362,-1.8558388666115653,2.72435786785482e-4,0.003371705287831332,0.002459946505499041,1507,"tags=55%, list=10%, signal=50%",GTF2F1/GTF2H3/TAF12/TAF11/MNAT1/TAF7/POLR2G/GTF2H4/TAF8/GTF2A2/POLR2H/POLR2C/TAF5/POLR2E/GTF2E2/POLR2F/TAF15/TAF9/CCNH/POLR2D/POLR2L/TAF13/POLR2K/POLR2J/POLR2I/TAF4
REACTOME_DOWNSTREAM_TCR_SIGNALING,REACTOME_DOWNSTREAM_TCR_SIGNALING,71,-0.537578155534719,-1.774846342508776,2.7158743437518496e-4,0.003371705287831332,0.002459946505499041,1396,"tags=30%, list=9%, signal=27%",CDC34/PSMD6/HLA-DQA1/HLA-DQB1/PSMA6/PSMB5/PSMA3/SKP1/PSMA1/PSMA5/PSMB1/PSMA2/PSMB4/PSMD14/ADRM1/PSMD13/PSMB6/PSMA7/PSMB3/NFKB1/BCL10
REACTOME_DNA_REPLICATION_PRE_INITIATION,REACTOME_DNA_REPLICATION_PRE_INITIATION,84,-0.5170962358038929,-1.741906358806109,2.6810554419088776e-4,0.003371705287831332,0.002459946505499041,2399,"tags=40%, list=16%, signal=34%",DBF4/ANAPC10/CDK2/MCM7/MCM3/MCM2/UBE2E1/CDT1/PRIM1/ANAPC16/PSMD6/GMNN/PSMA6/PSMB5/POLE4/PSMA3/CDC45/ORC4/PSMA1/PSMA5/PRIM2/CDC26/PSMB1/PSMA2/POLA1/PSMB4/PSMD14/ANAPC11/ADRM1/RPA3/PSMD13/PSMB6/PSMA7/PSMB3
REACTOME_PCP_CE_PATHWAY,REACTOME_PCP_CE_PATHWAY,74,-0.5278775018530807,-1.7356838143604645,2.777715884786047e-4,0.0034064897532512526,0.0024853247390190947,1330,"tags=28%, list=9%, signal=26%",WNT5B/PSMD6/AP2S1/ROR1/PSMA6/PSMB5/PSMA3/PSMA1/PSMA5/PSMB1/PSMA2/CLTA/PSMB4/PSMD14/ADRM1/PSMD13/PARD6A/DVL2/PSMB6/PSMA7/PSMB3
REACTOME_DETOXIFICATION_OF_REACTIVE_OXYGEN_SPECIES,REACTOME_DETOXIFICATION_OF_REACTIVE_OXYGEN_SPECIES,34,-0.6540574371526634,-1.864121672172858,2.933579701968431e-4,0.0035652243405003728,0.0026011351553726727,1874,"tags=44%, list=12%, signal=39%",TXN/GPX1/NCF2/GSTP1/P4HB/PRDX6/ATOX1/PRDX1/PRDX2/NUDT2/SOD1/PRDX5/CYCS/CCS/CYBA
REACTOME_REGULATION_OF_RAS_BY_GAPS,REACTOME_REGULATION_OF_RAS_BY_GAPS,50,-0.5852660525406342,-1.8319436853170599,3.0012283597409935e-4,0.003614872372580893,0.002637357628155854,1420,"tags=32%, list=9%, signal=29%",SPRED2/PSMD6/PSMA6/PSMB5/PSMA3/PSMA1/PSMA5/PSMB1/PSMA2/PSMB4/PSMD14/ADRM1/PSMD13/PSMB6/PSMA7/PSMB3
REACTOME_RNA_POLYMERASE_II_TRANSCRIPTION_TERMINATION,REACTOME_RNA_POLYMERASE_II_TRANSCRIPTION_TERMINATION,56,-0.5665159197497345,-1.7937642860257803,3.041875164069911e-4,0.0036314067224162035,0.0026494208462090048,1513,"tags=39%, list=10%, signal=36%",ZC3H11A/CPSF4/U2AF2/PABPN1/CPSF6/SRSF1/CSTF3/PAPOLA/MAGOHB/THOC1/NCBP2/SARNP/THOC6/CLP1/DDX39A/SNRPB/SNRPF/SRSF9/THOC7/SRSF3/SRSF7/MAGOH
REACTOME_HIV_ELONGATION_ARREST_AND_RECOVERY,REACTOME_HIV_ELONGATION_ARREST_AND_RECOVERY,29,-0.6773582618872771,-1.8970064755286808,3.094828503483119e-4,0.003662213729121691,0.0026718971844475687,1482,"tags=41%, list=10%, signal=37%",TCEA1/POLR2G/POLR2H/POLR2C/POLR2E/POLR2F/POLR2D/POLR2L/POLR2K/SUPT4H1/POLR2J/POLR2I
REACTOME_HIV_LIFE_CYCLE,REACTOME_HIV_LIFE_CYCLE,137,-0.4402893534763598,-1.598122315665043,3.198539891634955e-4,0.0037520263598396124,0.0027374231566852938,1511,"tags=26%, list=10%, signal=24%",RANBP1/MNAT1/TCEA1/RCC1/CHMP5/RNGTT/TAF7/POLR2G/NCBP2/GTF2H4/TAF8/GTF2A2/POLR2H/POLR2C/TAF5/POLR2E/GTF2E2/CHMP2A/POLR2F/NUP85/TAF15/TAF9/RAN/CCNH/POLR2D/NUP35/BANF1/MVB12A/POLR2L/TAF13/SEC13/POLR2K/SUPT4H1/POLR2J/POLR2I/TAF4
REACTOME_TNFR2_NON_CANONICAL_NF_KB_PATHWAY,REACTOME_TNFR2_NON_CANONICAL_NF_KB_PATHWAY,79,-0.5164260956855383,-1.7238633120343105,3.370806010924212e-4,0.0039200149213247945,0.00285998513631047,1225,"tags=39%, list=8%, signal=36%",PSMC3/TNFRSF4/PSMB2/UBA3/PSMC4/PSMD7/BIRC2/TNFRSF17/EDA2R/UBC/PSMC6/MAP3K14/TNFRSF9/TRAF2/PSMD6/PSMA6/PSMB5/PSMA3/SKP1/PSMA1/PSMA5/PSMB1/PSMA2/PSMB4/PSMD14/ADRM1/TNFRSF11B/PSMD13/PSMB6/PSMA7/PSMB3
REACTOME_NEGATIVE_REGULATION_OF_FGFR2_SIGNALING,REACTOME_NEGATIVE_REGULATION_OF_FGFR2_SIGNALING,28,0.6676158611241632,1.8904681497925244,3.5416378878722093e-4,0.004083478214307359,0.0029792455467031183,2912,"tags=46%, list=19%, signal=38%",BRAF/CBL/MAPK1/MAPK3/FGF1/MKNK1/SRC/FGF5/PPP2R1A/PPP2CB/FGF18/PTPN11/FGF2
REACTOME_RRNA_MODIFICATION_IN_THE_NUCLEUS_AND_CYTOSOL,REACTOME_RRNA_MODIFICATION_IN_THE_NUCLEUS_AND_CYTOSOL,48,-0.5884261737501605,-1.8295489382463856,3.745619486284581e-4,0.00428206837881178,0.003124134005063411,1781,"tags=35%, list=12%, signal=31%",TBL3/MPHOSPH10/DKC1/IMP4/RRP9/PNO1/RCL1/FBL/IMP3/DIMT1/UTP14A/NOP10/NHP2/TRMT112/FCF1/RRP36/EMG1
REACTOME_REGULATION_OF_PD_L1_CD274_POST_TRANSLATIONAL_MODIFICATION,REACTOME_REGULATION_OF_PD_L1_CD274_POST_TRANSLATIONAL_MODIFICATION,80,-0.5174746497821477,-1.732255109157087,4.0407719754779315e-4,0.004580673441109017,0.0033419918594178384,1225,"tags=26%, list=8%, signal=24%",PSMD6/PSMA6/PSMB5/PSMA3/ERLIN1/SKP1/PSMA1/PSMA5/PSMB1/PSMA2/DERL2/PSMB4/PSMD14/ADRM1/PSMD13/PSMB6/PSMA7/OSTC/CDK4/PSMB3/TMEM258
REACTOME_NEGATIVE_REGULATION_OF_FGFR4_SIGNALING,REACTOME_NEGATIVE_REGULATION_OF_FGFR4_SIGNALING,25,0.6981281989694039,1.9057263334242436,4.319435583428593e-4,0.004855765501704311,0.0035426949741278377,2912,"tags=48%, list=19%, signal=39%",BRAF/CBL/MAPK1/MAPK3/FGF1/MKNK1/SRC/PPP2R1A/PPP2CB/FGF18/PTPN11/FGF2
REACTOME_FCERI_MEDIATED_NF_KB_ACTIVATION,REACTOME_FCERI_MEDIATED_NF_KB_ACTIVATION,62,-0.5567578607580267,-1.7929619144800708,4.371108200891385e-4,0.004873243771076429,0.0035554468619690685,1396,"tags=32%, list=9%, signal=29%",CDC34/PSMD6/RASGRP2/PSMA6/PSMB5/PSMA3/SKP1/PSMA1/PSMA5/PSMB1/PSMA2/PSMB4/PSMD14/ADRM1/PSMD13/PSMB6/PSMA7/PSMB3/NFKB1/BCL10
REACTOME_SYNAPTIC_ADHESION_LIKE_MOLECULES,REACTOME_SYNAPTIC_ADHESION_LIKE_MOLECULES,20,0.7242519170695509,1.8779029160582665,4.419616756528436e-4,0.0048869368889810335,0.0035654371590630608,2964,"tags=60%, list=19%, signal=49%",FLOT2/DLG3/GRIA3/LRFN2/RTN3/PTPRF/FLOT1/PTPRS/GRIN1/LRFN3/GRIN2D/GRIN2A
REACTOME_METABOLISM_OF_STEROIDS,REACTOME_METABOLISM_OF_STEROIDS,130,0.4418706958268294,1.6283032678883806,4.6342559809073005e-4,0.005082610827840608,0.0037081979821551782,2864,"tags=28%, list=19%, signal=23%",NSDHL/SEC23A/TBL1XR1/NCOA1/ACACA/TBL1X/KPNB1/NCOA2/SEC24B/HSD17B7/SEC24D/SQLE/HMGCS1/DHCR7/LRP2/LSS/SC5D/ABCC3/CARM1/ACAT2/DHCR24/MBTPS2/FASN/SCD/GPAM/SRD5A3/FDPS/FDFT1/OSBPL6/SRD5A1/SP1/OSBPL1A/HSD17B4/MED1/UBE2I/SREBF2/CYP7B1
REACTOME_DAG_AND_IP3_SIGNALING,REACTOME_DAG_AND_IP3_SIGNALING,38,0.620295015428576,1.8784600502093933,4.927575621955696e-4,0.005360725414530834,0.0039111062873757015,2766,"tags=47%, list=18%, signal=39%",AHCYL1/PRKACB/PLCG1/ITPR2/ADCY7/CAMK2G/PRKCD/PRKAR2A/ADCY6/CAMK2D/CAMKK1/PDE1A/PRKAR1B/PRKCG/PRKCA/PRKACA/PRKCE/NBEA
REACTOME_HIV_TRANSCRIPTION_ELONGATION,REACTOME_HIV_TRANSCRIPTION_ELONGATION,39,-0.626548889874783,-1.8481810248296557,5.219422245139102e-4,0.005632800486954119,0.004109608251962157,1507,"tags=41%, list=10%, signal=37%",MNAT1/TCEA1/POLR2G/NCBP2/GTF2H4/POLR2H/POLR2C/POLR2E/POLR2F/CCNH/POLR2D/POLR2L/POLR2K/SUPT4H1/POLR2J/POLR2I
REACTOME_NEGATIVE_REGULATION_OF_FGFR1_SIGNALING,REACTOME_NEGATIVE_REGULATION_OF_FGFR1_SIGNALING,26,0.682341094414696,1.8725942695456514,5.44439471302452e-4,0.005828959101484188,0.004252722687283146,2912,"tags=50%, list=19%, signal=41%",BRAF/CBL/MAPK1/MAPK3/FGF1/MKNK1/SRC/FGF5/FGFR1/PPP2R1A/PPP2CB/PTPN11/FGF2
REACTOME_HIGH_LAMINAR_FLOW_SHEAR_STRESS_ACTIVATES_SIGNALING_BY_PIEZO1_AND_PECAM1_CDH5_KDR_IN_ENDOTHELIAL_CELLS,REACTOME_HIGH_LAMINAR_FLOW_SHEAR_STRESS_ACTIVATES_SIGNALING_BY_PIEZO1_AND_PECAM1_CDH5_KDR_IN_ENDOTHELIAL_CELLS,66,0.5200232063222012,1.7319727186645633,5.836773263381362e-4,0.006199848135670439,0.004523317862628738,2071,"tags=33%, list=13%, signal=29%",GNG2/PRKACB/CAPN2/GNG3/GNAQ/ADCY7/GNAS/FYN/MMP14/RICTOR/KDR/MTOR/VCL/PIK3CD/TRPV4/PIK3CA/PRKAR2A/ADCY6/PRKAR1B/GNA11/PIK3R2/PIEZO1
REACTOME_FGFR2_ALTERNATIVE_SPLICING,REACTOME_FGFR2_ALTERNATIVE_SPLICING,26,-0.6903617215848739,-1.9192552015538102,6.328327497009813e-4,0.006669463901145498,0.004865942606664618,2362,"tags=65%, list=15%, signal=55%",GTF2F1/HNRNPM/HNRNPH1/TIAL1/HNRNPF/POLR2G/NCBP2/POLR2H/POLR2C/POLR2E/PTBP1/POLR2F/POLR2D/POLR2L/POLR2K/POLR2J/POLR2I
REACTOME_NEPHRIN_FAMILY_INTERACTIONS,REACTOME_NEPHRIN_FAMILY_INTERACTIONS,20,0.7140271305997845,1.8513912066998175,6.482131447696045e-4,0.006688214838760076,0.004879623014506395,3172,"tags=60%, list=20%, signal=48%",PIK3R1/FYN/SPTBN1/CASK/PIK3CA/KIRREL2/PIK3R2/MAGI2/KIRREL3/ACTN4/PIK3CB/IQGAP1
REACTOME_G2_M_CHECKPOINTS,REACTOME_G2_M_CHECKPOINTS,113,-0.4627744155948761,-1.622259466552386,6.402826353900668e-4,0.006688214838760076,0.004879623014506395,3708,"tags=45%, list=24%, signal=35%",CHEK2/MDC1/ORC3/ATR/CHEK1/PSMC3/ORC6/PSMB2/PKMYT1/RAD1/PSMC4/YWHAQ/PSMD7/PIAS4/RPA2/UBC/CCNB1/CDC6/BRCA1/PSMC6/DBF4/CDK2/MCM7/RAD9A/MCM3/MCM2/RFC3/RFC4/TOP3A/PSMD6/RFC2/PSMA6/PSMB5/PSMA3/CDC45/ORC4/PSMA1/UIMC1/PSMA5/PSMB1/RNF168/PSMA2/CCNB2/PSMB4/PSMD14/ADRM1/RPA3/PSMD13/PSMB6/PSMA7/PSMB3
REACTOME_CDC42_GTPASE_CYCLE,REACTOME_CDC42_GTPASE_CYCLE,145,0.4264504619966397,1.5961979310038796,6.49485651503017e-4,0.006688214838760076,0.004879623014506395,3415,"tags=34%, list=22%, signal=27%",ARHGEF11/DOCK9/DAAM1/PIK3R1/DOCK7/CDC42BPA/ARHGEF26/ARHGAP35/ARHGEF25/ARHGAP1/ARHGAP20/GNA13/PAK3/TIAM1/RASGRF2/PLEKHG1/ABR/IQGAP2/WDR91/ARHGAP31/ARHGEF12/WIPF2/ARHGAP24/SPATA13/PLD1/FGD1/RAB7A/ARHGDIA/ITSN1/SRGAP1/ARHGAP44/PIK3R2/CDC42SE2/ARHGAP17/RALBP1/FMNL2/CDC42BPB/SYDE1/ARHGEF6/OPHN1/ARHGEF4/ARAP2/PAK6/PAK1/FARP1/IQGAP1/DOCK8/ARHGEF5/ARHGAP21/PAK2
REACTOME_BACTERIAL_INFECTION_PATHWAYS,REACTOME_BACTERIAL_INFECTION_PATHWAYS,95,0.4718930070202575,1.685307867672977,6.915817172985328e-4,0.0070677555805736415,0.005156530348278534,2743,"tags=33%, list=18%, signal=27%",STAM2/KPNB1/CBL/MAP2K4/SV2B/COL4A1/RAB5A/MAPK1/MAPK3/LAMA2/KPNA1/COL4A4/COL4A2/LAMB1/ANTXR1/GSK3A/DUSP16/LAMA3/SRC/LAMA5/RAB7A/SYT1/RNF213/SV2A/VPS33B/STX1B/LAMC2/VAMP1/ENO1/CTNND1/PDCD6IP
REACTOME_UBIQUITIN_MEDIATED_DEGRADATION_OF_PHOSPHORYLATED_CDC25A,REACTOME_UBIQUITIN_MEDIATED_DEGRADATION_OF_PHOSPHORYLATED_CDC25A,46,-0.5723711458067117,-1.7555749047437905,7.1047001861859e-4,0.007206195903131413,0.005257534368091663,1225,"tags=35%, list=8%, signal=32%",PSMD6/PSMA6/PSMB5/PSMA3/SKP1/PSMA1/PSMA5/PSMB1/PSMA2/PSMB4/PSMD14/ADRM1/PSMD13/PSMB6/PSMA7/PSMB3
REACTOME_SIGNALING_BY_FGFR1_IN_DISEASE,REACTOME_SIGNALING_BY_FGFR1_IN_DISEASE,33,0.6291817618057609,1.8539787789739992,7.511429237161372e-4,0.007561879135022903,0.0055170356140973155,3534,"tags=55%, list=23%, signal=42%",PLCG1/PIK3R1/GAB2/CNTRL/FGF1/PIK3CA/TRIM24/STAT3/LRRFIP1/FGF5/FGFR1/BAG4/FGF2/ZMYM2/GAB1/MYO18A/FGF9/KRAS
REACTOME_TRANSCRIPTIONAL_REGULATION_BY_SMALL_RNAS,REACTOME_TRANSCRIPTIONAL_REGULATION_BY_SMALL_RNAS,17,-0.7494229620573268,-1.8753800405635448,7.816020635739545e-4,0.007752802821774005,0.005656330723232566,1202,"tags=65%, list=8%, signal=60%",POLR2G/POLR2H/POLR2C/POLR2E/POLR2F/RAN/POLR2D/POLR2L/POLR2K/POLR2J/POLR2I
REACTOME_FGFR1_MUTANT_RECEPTOR_ACTIVATION,REACTOME_FGFR1_MUTANT_RECEPTOR_ACTIVATION,26,0.675259029939863,1.853158486678871,7.798673486580339e-4,0.007752802821774005,0.005656330723232566,3365,"tags=58%, list=22%, signal=45%",PIK3R1/GAB2/CNTRL/FGF1/PIK3CA/TRIM24/STAT3/LRRFIP1/FGF5/FGFR1/BAG4/FGF2/ZMYM2/MYO18A/FGF9
REACTOME_LOSS_OF_FUNCTION_OF_MECP2_IN_RETT_SYNDROME,REACTOME_LOSS_OF_FUNCTION_OF_MECP2_IN_RETT_SYNDROME,12,0.812114823299252,1.8320641854942388,7.959324459947481e-4,0.007837320216400842,0.005717993369228501,2342,"tags=67%, list=15%, signal=57%",TBL1XR1/TBL1X/HDAC1/MECP2/HDAC3/NCOR1/SIN3A/PRKACA
REACTOME_FORMATION_OF_RNA_POL_II_ELONGATION_COMPLEX,REACTOME_FORMATION_OF_RNA_POL_II_ELONGATION_COMPLEX,53,-0.5681378213369529,-1.7945597133219693,8.145500727579459e-4,0.007872932886586638,0.005743975848744494,1507,"tags=32%, list=10%, signal=29%",MNAT1/TCEA1/POLR2G/NCBP2/GTF2H4/MLLT3/POLR2H/POLR2C/POLR2E/POLR2F/CCNH/POLR2D/POLR2L/POLR2K/SUPT4H1/POLR2J/POLR2I
REACTOME_TRNA_PROCESSING_IN_THE_NUCLEUS,REACTOME_TRNA_PROCESSING_IN_THE_NUCLEUS,53,-0.5680140071566506,-1.7941686252240399,8.145500727579459e-4,0.007872932886586638,0.005743975848744494,1117,"tags=32%, list=7%, signal=30%",POP1/RPP30/TRNT1/TSEN34/POP5/POP7/FAM98B/NUP85/CLP1/TSEN15/C2orf49/RAN/TSEN2/NUP35/SEC13/RPP14/RPP21
REACTOME_RAC1_GTPASE_CYCLE,REACTOME_RAC1_GTPASE_CYCLE,173,0.40129445534968367,1.5197228751634164,8.170575271476125e-4,0.007872932886586638,0.005743975848744494,3415,"tags=36%, list=22%, signal=28%",ARHGEF11/DOCK9/CYFIP2/PIK3R1/DOCK7/CYFIP1/AMIGO2/CDC42BPA/ABI2/DOCK3/ABI1/ARHGAP35/ARHGEF25/ARHGAP1/ARHGAP20/GNA13/PAK3/FERMT2/TIAM1/PIK3CA/RASGRF2/PLEKHG1/ABR/IQGAP2/ARHGAP31/ARHGAP23/WIPF2/ARHGAP24/SPATA13/PLD1/NCKAP1/RAB7A/NHS/ARHGDIA/SRGAP1/ARHGAP15/ARHGAP44/ABL2/RAC1/ALS2/PIK3R2/DOCK2/ARHGAP17/RALBP1/ARHGAP25/FGD5/KALRN/ARHGEF6/OPHN1/NOXO1/ARHGEF4/ARAP2/WASF2/PAK6/PAK1/FARP1/IQGAP1/DOCK8/ARHGEF5/BAIAP2L1/ARHGAP21/PAK2
REACTOME_ACTIVATION_OF_ANTERIOR_HOX_GENES_IN_HINDBRAIN_DEVELOPMENT_DURING_EARLY_EMBRYOGENESIS,REACTOME_ACTIVATION_OF_ANTERIOR_HOX_GENES_IN_HINDBRAIN_DEVELOPMENT_DURING_EARLY_EMBRYOGENESIS,57,-0.5338798881029525,-1.6945730629136624,9.203164903008181e-4,0.008805013797275203,0.006424008349617506,1780,"tags=30%, list=12%, signal=26%",CNOT6/PKNOX1/POLR2G/EZH2/DPY30/RBBP4/POLR2H/POLR2C/POLR2E/POLR2F/POLR2D/RARB/POLR2L/POLR2K/POLR2J/EED/POLR2I
REACTOME_SYNTHESIS_OF_IP3_AND_IP4_IN_THE_CYTOSOL,REACTOME_SYNTHESIS_OF_IP3_AND_IP4_IN_THE_CYTOSOL,25,0.6810259451651954,1.8590411895155765,9.760580656056853e-4,0.008957158710898432,0.006535011037173761,1840,"tags=28%, list=12%, signal=25%",OCRL/PLCD4/PLCG1/SYNJ1/PTEN/PLCG2/PLCZ1
REACTOME_REGULATION_OF_PYRUVATE_METABOLISM,REACTOME_REGULATION_OF_PYRUVATE_METABOLISM,29,0.6440243318149389,1.8359327873699607,9.546183077511061e-4,0.008957158710898432,0.006535011037173761,2778,"tags=45%, list=18%, signal=37%",GID8/WDR26/PDHA1/PDK1/PDK4/PDK3/PDPR/ME1/PDK2/DLAT/GSTZ1/RMND5A/PGAM5
REACTOME_SIGNALING_BY_ALK,REACTOME_SIGNALING_BY_ALK,28,0.6461574167526414,1.8297049055518186,9.636242048973326e-4,0.008957158710898432,0.006535011037173761,2028,"tags=43%, list=13%, signal=37%",PTPRZ1/HDAC1/PLCG1/PIK3R1/HIF1A/PIK3CA/HDAC3/STAT3/SRC/SIN3A/PIK3R2/ALK
REACTOME_SIGNALING_BY_CSF1_M_CSF_IN_MYELOID_CELLS,REACTOME_SIGNALING_BY_CSF1_M_CSF_IN_MYELOID_CELLS,28,0.6452938665208536,1.827259615821596,9.733087891628993e-4,0.008957158710898432,0.006535011037173761,1700,"tags=36%, list=11%, signal=32%",CBL/PIK3R1/FYN/GAB2/PIK3CD/PIK3CA/STAT3/SRC/PLCG2/CSF1
REACTOME_CELLULAR_RESPONSE_TO_CHEMICAL_STRESS,REACTOME_CELLULAR_RESPONSE_TO_CHEMICAL_STRESS,176,-0.4059339453328926,-1.511418201116775,9.522001396074669e-4,0.008957158710898432,0.006535011037173761,1921,"tags=27%, list=12%, signal=24%",COX4I2/TXN/GPX1/NCF2/COX6A1/GSTP1/P4HB/HBA2/PRDX6/TALDO1/ATOX1/COX8A/PRDX1/MUL1/PSMD6/BACH1/PSMA6/PSMB5/PRDX2/PSMA3/COX4I1/SKP1/NUDT2/NDUFA4/PSMA1/PSMA5/SOD1/PSMB1/COX7A2/PRDX5/PSMA2/COX7B/CYCS/PSMB4/CCS/PSMD14/ADRM1/ATF4/PSMD13/COX5A/COX6B1/BLVRB/PSMB6/PSMA7/BLVRA/PSMB3/CYBA/NFKB1
REACTOME_METABOLISM_OF_CARBOHYDRATES_AND_CARBOHYDRATE_DERIVATIVES,REACTOME_METABOLISM_OF_CARBOHYDRATES_AND_CARBOHYDRATE_DERIVATIVES,266,0.3588655531095214,1.4304270545222844,9.704223794890837e-4,0.008957158710898432,0.006535011037173761,2794,"tags=27%, list=18%, signal=22%",PHKA2/PHKA1/PRKACB/AGL/PRPS2/PGM1/PGM2L1/NUP155/ARSB/SLC17A5/GLB1/GBE1/CSGALNACT1/SLC37A2/NDST1/B3GAT2/FAM20B/B3GALT2/IDUA/ST3GAL2/MAN2B2/PRPS1/GYS1/PAPSS2/ADPGK/HK1/CHPF2/EXTL3/PCK2/PGM2/PGD/CHP1/GNS/CSPG5/PYGM/B3GALT1/DSEL/PFKL/SDC3/B3GAT1/HGSNAT/SLC9A1/ENO3/XYLT1/GLB1L2/GNPDA1/SLC26A11/EPM2A/G6PD/CHST9/SGSH/PRKACA/HS2ST1/B4GALT6/GPC6/GPC4/NUP214/B4GALT1/NUP160/GPI/PPP2R1A/NDC1/IDS/SDC2/ALDOB/PPP2CB/PYGL/ENO1/PRELP/HS6ST1/NUP88
REACTOME_INOSITOL_PHOSPHATE_METABOLISM,REACTOME_INOSITOL_PHOSPHATE_METABOLISM,45,0.5748263787513833,1.8067100144927566,9.92901528518198e-4,0.009050163256561142,0.006602865783531403,1840,"tags=20%, list=12%, signal=18%",OCRL/PLCD4/PLCG1/SYNJ1/PTEN/PPIP5K2/PLCG2/MINPP1/PLCZ1
REACTOME_MUSCLE_CONTRACTION,REACTOME_MUSCLE_CONTRACTION,178,0.4004615327914838,1.5249519654640173,0.0010131069568036905,0.009172357615625359,0.006692016987717772,3520,"tags=34%, list=23%, signal=27%",TMOD2/ATP2B4/KCND3/AHCYL1/ITPR2/KCNIP1/ITGA1/DYSF/CACNB2/CAMK2G/ATP2B3/VCL/FGF12/ORAI2/KAT2B/KCNK9/DMD/ACTA1/CAMK2D/SCN2A/DES/MYBPC2/KCNIP4/MYL1/SCN7A/ATP2A1/TTN/SCN4A/TNNC1/MYBPC1/MYH11/TNNC2/FKBP1B/SCN8A/KCNH2/SCN1A/SORBS3/FGF14/TPM3/PRKACA/CACNB1/TNNT3/TMOD4/NPR1/HIPK1/ATP2B1/SCN3A/NEB/SLC8A1/HIPK2/CASQ1/PAK1/TNNI2/NOS1/SCN11A/STIM1/PAK2/SLC8A2/SORBS1/MYLK/RYR1
REACTOME_ANTIGEN_ACTIVATES_B_CELL_RECEPTOR_BCR_LEADING_TO_GENERATION_OF_SECOND_MESSENGERS,REACTOME_ANTIGEN_ACTIVATES_B_CELL_RECEPTOR_BCR_LEADING_TO_GENERATION_OF_SECOND_MESSENGERS,28,0.6416802404490671,1.8170270174191716,0.0011192457006821183,0.010065749668134517,0.007343822667633548,2132,"tags=29%, list=14%, signal=25%",AHCYL1/ITPR2/PIK3R1/FYN/ORAI2/PIK3CD/PLCG2/PIK3AP1
REACTOME_SYNTHESIS_OF_GLYCOSYLPHOSPHATIDYLINOSITOL_GPI,REACTOME_SYNTHESIS_OF_GLYCOSYLPHOSPHATIDYLINOSITOL_GPI,18,-0.718746907501188,-1.8160634675031642,0.0011373250887081847,0.010160606256075106,0.007413028636752545,1924,"tags=56%, list=12%, signal=49%",PIGH/PIGP/DPM2/PIGV/PIGM/PIGA/PIGC/PIGX/PIGF/PIGY
REACTOME_FCGR3A_MEDIATED_IL10_SYNTHESIS,REACTOME_FCGR3A_MEDIATED_IL10_SYNTHESIS,35,0.6065370311512469,1.8191794544647002,0.0012327557915089527,0.010820174670117942,0.007894240034770609,1772,"tags=31%, list=11%, signal=28%",AHCYL1/PRKACB/PLCG1/ITPR2/ADCY7/FYN/PRKAR2A/SRC/ADCY6/PLCG2/PRKAR1B
REACTOME_REGULATION_OF_CDH1_FUNCTION,REACTOME_REGULATION_OF_CDH1_FUNCTION,52,-0.5568868435226804,-1.7471332579597523,0.001235216381911166,0.010820174670117942,0.007894240034770609,1225,"tags=31%, list=8%, signal=28%",PSMD6/PSMA6/PSMB5/PSMA3/BANP/PSMA1/PSMA5/PSMB1/PSMA2/PSMB4/PSMD14/ADRM1/PSMD13/PSMB6/PSMA7/PSMB3
REACTOME_DNA_REPAIR,REACTOME_DNA_REPAIR,262,-0.36788676797654063,-1.4355070967720922,0.0012319026421389687,0.010820174670117942,0.007894240034770609,2212,"tags=22%, list=14%, signal=19%",CDK2/FANCB/INO80E/POLD1/POLK/RAD9A/SPIDR/RAD23A/ALKBH2/MUTYH/SUMO1/POLB/MNAT1/RFC3/TCEA1/PPP4C/PPP4R2/RAD51C/RFC4/ERCC8/KDM4B/TOP3A/RAD52/POLR2G/GTF2H4/PPIE/POLD4/NTHL1/RFC2/POLH/POLE4/SPRTN/NHEJ1/NEIL1/POLR2H/POLR2C/PNKP/POLR2E/ISG15/UIMC1/POLR2F/SMUG1/FANCL/RNF168/CCNH/POLR2D/MGMT/RPA3/POLR2L/POLR2K/SLX1A/MUS81/POLR2J/FANCE/POLR2I/ACTL6A/REV1
REACTOME_FORMATION_OF_PARAXIAL_MESODERM,REACTOME_FORMATION_OF_PARAXIAL_MESODERM,53,-0.5577445004130861,-1.7617306455902932,0.0012477742595873662,0.010827220158486006,0.007899380319288685,1225,"tags=38%, list=8%, signal=35%",PSMC6/MAML1/DLL1/SNW1/LFNG/PSMD6/PSMA6/PSMB5/PSMA3/PSMA1/PSMA5/PSMB1/PSMA2/PSMB4/PSMD14/ADRM1/PSMD13/PSMB6/PSMA7/PSMB3
REACTOME_NERVOUS_SYSTEM_DEVELOPMENT,REACTOME_NERVOUS_SYSTEM_DEVELOPMENT,440,0.32342904218828195,1.3494897534358672,0.0012520729019450088,0.010827220158486006,0.007899380319288685,3427,"tags=32%, list=22%, signal=25%",ARHGEF11/PRKACB/PITPNA/CSNK2A2/NEO1/UNC5C/EGFR/CLASP1/TEAD1/PLCG1/DLG3/PIK3R1/COL4A1/SLIT2/CLASP2/PLXNA4/PRKCQ/GSPT1/ITGA1/PRNP/CACNB2/FYN/MAPK1/MAPK3/LAMA2/CDK5R1/SPTBN1/ARHGAP35/GAB2/ABLIM1/COL4A4/UPF3A/PIK3CD/PAK3/TRPC5/RELN/PABPC1/COL4A2/PPP3CB/PLXNC1/SEMA6A/TIAM1/EPHA6/PIK3CA/TUBA1C/LAMB1/RND1/NCSTN/EVL/PRKAR2A/ARHGEF12/GSK3B/EFNB3/NELL2/CNTN6/COL9A3/SRC/ABL1/SEMA6D/ENAH/DPYSL5/ITSN1/CNTN1/CHL1/NRCAM/SCN2A/CACNA1S/SRGAP1/SCN7A/ABL2/LIMK2/ARPC2/SCN4A/CLTC/RAC1/MYH11/PIK3R2/CRMP1/KCNQ3/ACTR2/SEMA4A/SCN8A/GAP43/FGFR1/UNC5D/ARHGEF28/SCN1A/DPYSL3/AP2A1/SLIT3/PRKCA/GRIN1/RHOA/PRKACA/CACNB1/SEMA5A/ANK3/PTPRC/AKAP5/KALRN/DPYSL2/TUBB3/RNPS1/SDC2/RGMB/SCN3A/DRP2/FLRT3/PTPN11/EFNB1/CFL1/SREBF2/PLXNA2/SPTBN2/EPHA7/DSCAML1/ITGB3/ITGAV/PAK6/MAP2K2/RET/PAK1/PLXNA1/PIK3CB/UNC5A/RHOB/MSI1/PIP5K1C/CASC3/EFNA3/GAB1/RANBP9/SCN11A/EPHA10/SLIT1/LIMK1/NRP1/DAG1/PAK2/MYH10
REACTOME_SIGNALING_BY_FGFR2_IIIA_TM,REACTOME_SIGNALING_BY_FGFR2_IIIA_TM,19,-0.7244917982873322,-1.8690455390507819,0.0012786541655598024,0.010986652670956519,0.008015699931601845,1202,"tags=58%, list=8%, signal=53%",POLR2G/NCBP2/POLR2H/POLR2C/POLR2E/POLR2F/POLR2D/POLR2L/POLR2K/POLR2J/POLR2I
REACTOME_FATTY_ACYL_COA_BIOSYNTHESIS,REACTOME_FATTY_ACYL_COA_BIOSYNTHESIS,30,0.6254086052800234,1.792416366747947,0.0013192115481996639,0.011260510356025785,0.008215502464113074,1716,"tags=30%, list=11%, signal=27%",ACACA/ACSL3/ACSL6/ACSL1/ACSL4/ELOVL7/FASN/SCD/ACSL5
REACTOME_SPRY_REGULATION_OF_FGF_SIGNALING,REACTOME_SPRY_REGULATION_OF_FGF_SIGNALING,13,0.7779669409743136,1.758451667719421,0.0013277194320728792,0.011260510356025785,0.008215502464113074,2732,"tags=69%, list=18%, signal=57%",BRAF/CBL/MAPK1/MAPK3/MKNK1/SRC/PPP2R1A/PPP2CB/PTPN11
REACTOME_TRANSCRIPTION_COUPLED_NUCLEOTIDE_EXCISION_REPAIR_TC_NER,REACTOME_TRANSCRIPTION_COUPLED_NUCLEOTIDE_EXCISION_REPAIR_TC_NER,70,-0.49219509529667427,-1.6155046917860174,0.0013355683150215905,0.011260510356025785,0.008215502464113074,1507,"tags=31%, list=10%, signal=28%",MNAT1/RFC3/TCEA1/RFC4/ERCC8/POLR2G/GTF2H4/PPIE/POLD4/RFC2/POLE4/POLR2H/POLR2C/POLR2E/POLR2F/CCNH/POLR2D/RPA3/POLR2L/POLR2K/POLR2J/POLR2I
REACTOME_SEMAPHORIN_INTERACTIONS,REACTOME_SEMAPHORIN_INTERACTIONS,64,0.522709285349082,1.7378469590491445,0.0013752065243962887,0.011388019916457812,0.008308531560913,3427,"tags=53%, list=22%, signal=42%",ARHGEF11/PLXNA4/ITGA1/FYN/CDK5R1/ARHGAP35/PAK3/PLXNC1/SEMA6A/RND1/ARHGEF12/GSK3B/SEMA6D/DPYSL5/LIMK2/RAC1/MYH11/CRMP1/SEMA4A/DPYSL3/RHOA/SEMA5A/PTPRC/DPYSL2/CFL1/PLXNA2/PAK1/PLXNA1/RHOB/PIP5K1C/LIMK1/NRP1/PAK2/MYH10
REACTOME_INFLUENZA_INFECTION,REACTOME_INFLUENZA_INFECTION,66,-0.5019472876237259,-1.6412696676594218,0.0013743502045421721,0.011388019916457812,0.008308531560913,1202,"tags=30%, list=8%, signal=28%",POLR2G/FAU/POLR2H/POLR2C/POLR2E/ISG15/POLR2F/NUP85/RPLP0/RPSA/RAN/CLTA/POLR2D/NUP35/POLR2L/RPLP2/SEC13/POLR2K/POLR2J/POLR2I
REACTOME_DENGUE_VIRUS_INFECTION,REACTOME_DENGUE_VIRUS_INFECTION,296,-0.35814310833679763,-1.4213930949826836,0.001376017232307356,0.011388019916457812,0.008308531560913,2596,"tags=27%, list=17%, signal=23%",SF3A1/SPCS3/RBM10/DNAJB11/KPNA4/PDIA3/DAXX/SF3B4/GTF2F1/P4HA1/PABPN1/CPSF6/CD300A/SRSF1/SNW1/HNRNPM/SMNDC1/MAGT1/RIPK1/HNRNPH1/PPIL4/HNRNPF/HSPA1A/PCBP1/SUMO1/P4HB/DPM2/HNRNPA0/CSTF3/HSPA5/BCAS2/HNRNPC/PAPOLA/ATL2/KDELR1/DYNLT1/POLR2G/PHF5A/NCBP2/PPIE/SNRPA1/YBX1/CD14/AP2S1/CCAR1/POLR2H/POLR2C/PPIL1/BTF3/POLR2E/SEC11A/MRC1/PTBP1/SF3B5/POLR2F/CLP1/RPSA/SNRPB/SNRPD1/POLR2D/SF3B6/SNRPF/HNRNPL/SRSF9/SPCS2/SRSF3/MAPKAP1/POLR2L/POLR2K/NACA/SNRPD2/OSTC/POLR2J/SPCS1/SEC11C/SRSF7/POLR2I/HNRNPA2B1/TMEM258/GRPEL1/DPM3
REACTOME_NUCLEAR_EVENTS_MEDIATED_BY_NFE2L2,REACTOME_NUCLEAR_EVENTS_MEDIATED_BY_NFE2L2,81,-0.4881498100849718,-1.6338144515463866,0.0014399585535112296,0.011844537126138102,0.008641599791611037,1536,"tags=26%, list=10%, signal=23%",TALDO1/PRDX1/PSMD6/BACH1/PSMA6/PSMB5/PSMA3/SKP1/PSMA1/PSMA5/PSMB1/PSMA2/PSMB4/PSMD14/ADRM1/ATF4/PSMD13/PSMB6/PSMA7/PSMB3/NFKB1
REACTOME_CHOLESTEROL_BIOSYNTHESIS,REACTOME_CHOLESTEROL_BIOSYNTHESIS,25,0.6728494907153705,1.8367213855281743,0.001449141387634443,0.011847828678296143,0.00864400125957387,2136,"tags=44%, list=14%, signal=38%",NSDHL/HSD17B7/SQLE/HMGCS1/DHCR7/LSS/SC5D/ACAT2/DHCR24/FDPS/FDFT1
REACTOME_INSULIN_RECEPTOR_SIGNALLING_CASCADE,REACTOME_INSULIN_RECEPTOR_SIGNALLING_CASCADE,51,0.5425137836117363,1.7427352562066347,0.0015527987612255552,0.012618828487308881,0.009206511361736804,3613,"tags=41%, list=23%, signal=32%",PIK3R1/MAPK1/MAPK3/GAB2/PIK3C3/FGF1/PIK3CA/FGF5/PIK3R2/FGFR1/FGF18/PTPN11/FGFR3/FGF2/PIK3CB/GAB1/FGF9/TLR9/KRAS/PDPK1/IRS1
REACTOME_DEGRADATION_OF_BETA_CATENIN_BY_THE_DESTRUCTION_COMPLEX,REACTOME_DEGRADATION_OF_BETA_CATENIN_BY_THE_DESTRUCTION_COMPLEX,64,-0.508424584280273,-1.6430050608383915,0.0015768291775445894,0.01273738060184222,0.009293005237971578,1225,"tags=25%, list=8%, signal=23%",PSMD6/PSMA6/PSMB5/PSMA3/SKP1/PSMA1/PSMA5/PSMB1/PSMA2/PSMB4/PSMD14/ADRM1/PSMD13/PSMB6/PSMA7/PSMB3
REACTOME_G_ALPHA_I_SIGNALLING_EVENTS,REACTOME_G_ALPHA_I_SIGNALLING_EVENTS,254,0.363737974473327,1.4426279891456413,0.0016300902545079037,0.013089236626971203,0.009549714210306329,3238,"tags=23%, list=21%, signal=18%",GNG2/AHCYL1/PRKACB/GABBR1/GNG3/ITPR2/GNAQ/S1PR3/ADCY7/GNAS/MAPK1/CAMK2G/ACKR3/OPRL1/PRKCD/GNAZ/PPP3CB/CASR/GPSM2/PPP3CC/GABBR2/PRKAR2A/HTR5A/SRC/ADCY6/RGS17/AGT/CAMK2D/PPP3R1/CAMKK1/PDE1A/PRKAR1B/GNA11/P2RY13/SSTR1/RGS12/ADORA1/RLN3/CX3CR1/PRKCG/SSTR2/GALR1/PRKCA/PRKACA/PPP2R1A/PPP2CB/PTGER3/NBEA/GNB1/PDE4B/GPSM1/GNAL/S1PR5/PRKAR1A/GNAI2/PDE4A/PNOC/PLCB1
REACTOME_NETRIN_1_SIGNALING,REACTOME_NETRIN_1_SIGNALING,41,0.5639737282963995,1.7310054933501884,0.0017717318810837666,0.014142404186875747,0.010318089746579395,3538,"tags=46%, list=23%, signal=36%",PITPNA/NEO1/UNC5C/PLCG1/SLIT2/PRKCQ/FYN/ABLIM1/TRPC5/SRC/RAC1/UNC5D/SLIT3/RGMB/PTPN11/DSCAML1/UNC5A/SLIT1/ROBO1
REACTOME_FORMATION_OF_TC_NER_PRE_INCISION_COMPLEX,REACTOME_FORMATION_OF_TC_NER_PRE_INCISION_COMPLEX,45,-0.5676796429010501,-1.7318978105536027,0.0018137489141291615,0.014392631089177876,0.010500651608116198,1507,"tags=36%, list=10%, signal=32%",MNAT1/TCEA1/ERCC8/POLR2G/GTF2H4/PPIE/POLR2H/POLR2C/POLR2E/POLR2F/CCNH/POLR2D/POLR2L/POLR2K/POLR2J/POLR2I
REACTOME_DUAL_INCISION_IN_TC_NER,REACTOME_DUAL_INCISION_IN_TC_NER,58,-0.5212302794728835,-1.6517512606110065,0.0018568229480394026,0.014648269923421954,0.0106871619354684,1507,"tags=38%, list=10%, signal=34%",MNAT1/RFC3/TCEA1/RFC4/ERCC8/POLR2G/GTF2H4/PPIE/POLD4/RFC2/POLE4/POLR2H/POLR2C/POLR2E/POLR2F/CCNH/POLR2D/RPA3/POLR2L/POLR2K/POLR2J/POLR2I
REACTOME_L1CAM_INTERACTIONS,REACTOME_L1CAM_INTERACTIONS,101,0.45611676485497465,1.6390832305442935,0.0018869500305292671,0.014799392971999892,0.010797419085341889,4309,"tags=47%, list=28%, signal=34%",CSNK2A2/EGFR/DLG3/ITGA1/MAPK1/MAPK3/SPTBN1/TUBA1C/LAMB1/CNTN6/SRC/CNTN1/CHL1/NRCAM/SCN2A/SCN7A/SCN4A/CLTC/RAC1/KCNQ3/SCN8A/GAP43/FGFR1/SCN1A/AP2A1/ANK3/DPYSL2/TUBB3/SCN3A/SPTBN2/ITGB3/ITGAV/MAP2K2/PAK1/RANBP9/SCN11A/NRP1/SPTA1/CNTNAP1/DNM2/ITGA2/LYPLA2/DLG4/LAMC1/SCN1B/CSNK2A1/SCN3B
REACTOME_SIGNALING_BY_NTRK2_TRKB,REACTOME_SIGNALING_BY_NTRK2_TRKB,25,0.6654504090350684,1.8165236269759137,0.0019420399833733693,0.014885295099833383,0.010860092012285289,1889,"tags=40%, list=12%, signal=35%",PLCG1/PIK3R1/FYN/DOCK3/CDK5R1/NTRK2/TIAM1/PIK3CA/SRC/RAC1
REACTOME_ROLE_OF_PHOSPHOLIPIDS_IN_PHAGOCYTOSIS,REACTOME_ROLE_OF_PHOSPHOLIPIDS_IN_PHAGOCYTOSIS,23,0.6766557315544501,1.814729622745437,0.001935681614238685,0.014885295099833383,0.010860092012285289,3134,"tags=57%, list=20%, signal=45%",AHCYL1/PLCG1/ITPR2/PIK3R1/PRKCD/PIK3CA/PLD1/PLCG2/PLA2G6/PIK3R2/PRKCE/SYK/PIK3CB
REACTOME_FGFR2_MUTANT_RECEPTOR_ACTIVATION,REACTOME_FGFR2_MUTANT_RECEPTOR_ACTIVATION,30,-0.6343005506090357,-1.7845777648716739,0.0019349849263555399,0.014885295099833383,0.010860092012285289,1202,"tags=37%, list=8%, signal=34%",POLR2G/NCBP2/POLR2H/POLR2C/POLR2E/POLR2F/POLR2D/POLR2L/POLR2K/POLR2J/POLR2I
REACTOME_SIGNALING_BY_VEGF,REACTOME_SIGNALING_BY_VEGF,100,0.4490182479498468,1.6073744615549743,0.0019348066350678521,0.014885295099833383,0.010860092012285289,3596,"tags=41%, list=23%, signal=32%",AHCYL1/PRKACB/CYFIP2/PLCG1/ITPR2/PIK3R1/CYFIP1/FYN/ABI2/RICTOR/ABI1/KDR/SHC2/PTK2B/MTOR/CTNNA1/PRKCD/PAK3/PIK3CA/SRC/NCKAP1/PGF/AXL/RAC1/PIK3R2/ELMO1/PRKCA/RHOA/PRKACA/CTNND1/AKT1/ITGB3/ITGAV/WASF2/PAK1/PIK3CB/MAPKAPK2/NRP1/PAK2/KRAS/PDPK1
REACTOME_REGULATION_OF_PYRUVATE_DEHYDROGENASE_PDH_COMPLEX,REACTOME_REGULATION_OF_PYRUVATE_DEHYDROGENASE_PDH_COMPLEX,14,0.7538326057056853,1.736205383558099,0.0020098323489688096,0.01531787479524816,0.011175695785226506,2161,"tags=57%, list=14%, signal=49%",PDHA1/PDK1/PDK4/PDK3/PDPR/PDK2/DLAT/GSTZ1
REACTOME_PI3K_AKT_SIGNALING_IN_CANCER,REACTOME_PI3K_AKT_SIGNALING_IN_CANCER,107,0.4484384718439445,1.61766988225506,0.002045212416227238,0.015499952525227774,0.011308537014621332,3630,"tags=39%, list=23%, signal=30%",PDGFRA/KIT/EGFR/CASP9/PIK3R1/FYN/RICTOR/ERBB4/MTOR/GAB2/PIK3CD/NTRK2/FGF1/PIK3CA/TSC2/PTEN/GSK3A/GSK3B/PDGFRB/SRC/FGF5/NRG3/RAC1/PIK3R2/PIK3AP1/FGFR1/NRG4/FGF18/PTPN11/AKT1/FOXO1/FGFR3/FGF2/PIK3CB/GAB1/FGF9/CDKN1A/FOXO3/PDGFA/PDPK1/IRS1/STRN
REACTOME_INCRETIN_SYNTHESIS_SECRETION_AND_INACTIVATION,REACTOME_INCRETIN_SYNTHESIS_SECRETION_AND_INACTIVATION,16,-0.7354758551431674,-1.8152615985993013,0.0021327170436018037,0.016072822859323092,0.011726494770759698,815,"tags=31%, list=5%, signal=30%",SEC11A/GNG13/SPCS2/SPCS1/SEC11C
REACTOME_ABC_TRANSPORTERS_IN_LIPID_HOMEOSTASIS,REACTOME_ABC_TRANSPORTERS_IN_LIPID_HOMEOSTASIS,17,0.7156584711282716,1.758402826208103,0.002145848668330182,0.016081943630985644,0.011733149151396026,2985,"tags=47%, list=19%, signal=38%",ABCD3/ABCA6/ABCA3/ABCD2/ABCA5/ABCG4/ABCD1/PEX19
REACTOME_CO_INHIBITION_BY_PD_1,REACTOME_CO_INHIBITION_BY_PD_1,139,-0.4208016330971879,-1.5258552053685868,0.0023242310660893106,0.01732258402295293,0.01263830210406226,2156,"tags=26%, list=14%, signal=22%",IRF1/MAGT1/CSK/FOS/HLA-DRB5/WWTR1/DERL3/FOSB/PSMD6/HLA-DQA1/EZH2/HLA-DQB1/PSMA6/PSMB5/DPY30/RBBP4/PSMA3/ERLIN1/SKP1/PSMA1/PSMA5/PSMB1/PSMA2/DERL2/PSMB4/PSMD14/ADRM1/PSMD13/PSMB6/PSMA7/OSTC/CDK4/EED/PSMB3/TMEM258/NFKB1
REACTOME_REGULATION_OF_EXPRESSION_AND_FUNCTION_OF_TYPE_II_CLASSICAL_CADHERINS,REACTOME_REGULATION_OF_EXPRESSION_AND_FUNCTION_OF_TYPE_II_CLASSICAL_CADHERINS,30,0.6105481737732131,1.749826481631452,0.002460703478489229,0.01816960024556809,0.013256272661703535,4928,"tags=70%, list=32%, signal=48%",CTNNA1/AGO2/AGO1/AMOT/ZEB2/BHLHE22/ADAM19/SP1/CTNND1/MOV10/CDH24/PRDM8/AGO3/CDH11/TNRC6A/AGO4/CDH8/CTNNB1/HEYL/TNRC6C/ANGPTL4
REACTOME_REGULATION_OF_PD_L1_CD274_EXPRESSION,REACTOME_REGULATION_OF_PD_L1_CD274_EXPRESSION,127,-0.42113723564826744,-1.5001863778558295,0.0024648160451734326,0.01816960024556809,0.013256272661703535,1225,"tags=20%, list=8%, signal=19%",PSMD6/EZH2/PSMA6/PSMB5/DPY30/RBBP4/PSMA3/ERLIN1/SKP1/PSMA1/PSMA5/PSMB1/PSMA2/DERL2/PSMB4/PSMD14/ADRM1/PSMD13/PSMB6/PSMA7/OSTC/CDK4/EED/PSMB3/TMEM258/NFKB1
REACTOME_OPIOID_SIGNALLING,REACTOME_OPIOID_SIGNALLING,84,0.46483185494106716,1.6174885839410988,0.0024851774661197373,0.018220132618453944,0.013293140336510037,3238,"tags=39%, list=21%, signal=31%",GNG2/AHCYL1/PRKACB/GNG3/ITPR2/GNAQ/ADCY7/MAPK1/CAMK2G/PRKCD/PPP3CB/PPP3CC/PRKAR2A/ADCY6/CAMK2D/PPP3R1/CAMKK1/PDE1A/PRKAR1B/GNA11/PRKCG/PRKCA/PRKACA/PPP2R1A/PPP2CB/NBEA/GNB1/PDE4B/GNAL/PRKAR1A/GNAI2/PDE4A/PLCB1
REACTOME_SIGNALING_BY_ALK_IN_CANCER,REACTOME_SIGNALING_BY_ALK_IN_CANCER,78,0.4674221147548193,1.6065022538517604,0.0025255859726863467,0.018416299876507468,0.013436261078018402,3976,"tags=49%, list=26%, signal=36%",MAPK9/HDAC1/PLCG1/MECP2/PIK3R1/MAPK1/MAPK3/VCL/PIK3CA/STAT3/AGO2/AGO1/BIRC6/SEC31A/RNF213/EML4/RB1/CLTC/PIK3R2/ALK/MAPK8/TPM3/JUN/TPR/MOV10/PRKAR1A/PIK3CB/TP53/GCC2/CDKN1A/IRS1/STRN/BCL2A1/SQSTM1/FN1/PPM1B/AGO3/DCTN1
REACTOME_MICRORNA_MIRNA_BIOGENESIS,REACTOME_MICRORNA_MIRNA_BIOGENESIS,24,-0.6635714041490235,-1.8082173286083034,0.0025659494759731846,0.018610031414450678,0.0135776047540177,1590,"tags=54%, list=10%, signal=49%",PRKRA/POLR2G/TARBP2/POLR2H/POLR2C/POLR2E/POLR2F/RAN/POLR2D/POLR2L/POLR2K/POLR2J/POLR2I
REACTOME_VIRAL_MESSENGER_RNA_SYNTHESIS,REACTOME_VIRAL_MESSENGER_RNA_SYNTHESIS,40,-0.5749087488372837,-1.7120530524240005,0.002660432111716383,0.019192101169547598,0.01400227427219149,1202,"tags=32%, list=8%, signal=30%",POLR2G/POLR2H/POLR2C/POLR2E/POLR2F/NUP85/POLR2D/NUP35/POLR2L/SEC13/POLR2K/POLR2J/POLR2I
REACTOME_RHOB_GTPASE_CYCLE,REACTOME_RHOB_GTPASE_CYCLE,68,0.4979752877231394,1.6693625478465537,0.002720312499902958,0.019519689161537714,0.014241277645068676,2186,"tags=29%, list=14%, signal=25%",ARHGEF11/FLOT2/DAAM1/PIK3R1/SOWAHC/NET1/ARHGAP35/ARHGEF25/ARHGAP1/ABR/AKAP13/ARHGEF12/DIAPH1/FLOT1/SLK/ARHGEF17/MYO9A/PIK3R2/ARHGEF2/ARHGEF28
REACTOME_DOWNSTREAM_SIGNALING_OF_ACTIVATED_FGFR1,REACTOME_DOWNSTREAM_SIGNALING_OF_ACTIVATED_FGFR1,28,0.615598336149797,1.743171658020308,0.002797248335172676,0.019756481697109633,0.014414037990556364,4452,"tags=57%, list=29%, signal=41%",PLCG1/PIK3R1/FLRT2/FGF1/PIK3CA/FGF5/FGFR1/FLRT3/PTPN11/FGF2/GAB1/FGF9/KRAS/KL/FRS2/NRAS
REACTOME_COOPERATION_OF_PREFOLDIN_AND_TRIC_CCT_IN_ACTIN_AND_TUBULIN_FOLDING,REACTOME_COOPERATION_OF_PREFOLDIN_AND_TRIC_CCT_IN_ACTIN_AND_TUBULIN_FOLDING,27,-0.6232673983493434,-1.7364368572859128,0.002769214962419499,0.019756481697109633,0.014414037990556364,1494,"tags=37%, list=10%, signal=34%",CCT5/PFDN5/CCT3/PFDN2/CCT6A/CCT4/VBP1/PFDN4/PFDN6/PFDN1
REACTOME_REGULATION_OF_MRNA_STABILITY_BY_PROTEINS_THAT_BIND_AU_RICH_ELEMENTS,REACTOME_REGULATION_OF_MRNA_STABILITY_BY_PROTEINS_THAT_BIND_AU_RICH_ELEMENTS,67,-0.5025884230498606,-1.6470316982753737,0.0027965874033037416,0.019756481697109633,0.014414037990556364,1553,"tags=28%, list=10%, signal=26%",EXOSC8/EXOSC3/PSMD6/PSMA6/PSMB5/PSMA3/EXOSC7/PSMA1/PSMA5/PSMB1/EXOSC4/PSMA2/PSMB4/PSMD14/ADRM1/PSMD13/PSMB6/PSMA7/PSMB3
REACTOME_COMPLEX_III_ASSEMBLY,REACTOME_COMPLEX_III_ASSEMBLY,21,-0.6516020585930195,-1.7119837299384948,0.0028802739298547835,0.020236924642573453,0.01476456208560429,1267,"tags=48%, list=8%, signal=44%",UQCC2/HSCB/UQCRB/UQCRFS1/FXN/CYC1/UQCR11/UQCR10/UQCRHL/UQCRQ
REACTOME_MRNA_DECAY_BY_5_TO_3_EXORIBONUCLEASE,REACTOME_MRNA_DECAY_BY_5_TO_3_EXORIBONUCLEASE,15,-0.7454605279104382,-1.811461600831026,0.002980269245715005,0.02061734980753611,0.015042114681476542,327,"tags=40%, list=2%, signal=39%",LSM6/LSM2/LSM5/LSM4/LSM7/LSM1
REACTOME_BMAL1_CLOCK_NPAS2_ACTIVATES_CIRCADIAN_EXPRESSION,REACTOME_BMAL1_CLOCK_NPAS2_ACTIVATES_CIRCADIAN_EXPRESSION,21,0.6643110468931549,1.7507062099457844,0.0029702019700630347,0.02061734980753611,0.015042114681476542,372,"tags=24%, list=2%, signal=23%",TBL1XR1/NCOA1/TBL1X/NCOA2/BHLHE40
REACTOME_UCH_PROTEINASES,REACTOME_UCH_PROTEINASES,65,-0.5009580859165946,-1.6303390156198543,0.002973692695242006,0.02061734980753611,0.015042114681476542,1225,"tags=25%, list=8%, signal=23%",PSMD6/PSMA6/PSMB5/PSMA3/PSMA1/PSMA5/PSMB1/PSMA2/PSMB4/PSMD14/ADRM1/PSMD13/PSMB6/PSMA7/PSMB3/ACTL6A
REACTOME_EXPRESSION_OF_BMAL_ARNTL_CLOCK_AND_NPAS2,REACTOME_EXPRESSION_OF_BMAL_ARNTL_CLOCK_AND_NPAS2,33,0.5946526843168995,1.7522336541023398,0.0029975397915650882,0.020631026422557673,0.01505209293831019,2979,"tags=52%, list=19%, signal=42%",TBL1XR1/NCOA1/TBL1X/ATF2/NCOA2/PPARGC1A/RORA/NRIP1/HDAC3/NCOR1/CARM1/CLOCK/MEF2D/CRTC1/MED1/RAI1/NR1D1
REACTOME_SIGNALING_BY_ERBB4,REACTOME_SIGNALING_BY_ERBB4,51,0.523283739304489,1.6809619387260233,0.003233061429309767,0.022139085625070436,0.016152350715493625,1598,"tags=25%, list=10%, signal=23%",WWOX/GABRB1/EGFR/WWP1/GABRB3/PIK3R1/ERBB4/PIK3CA/NCSTN/NCOR1/SRC/GABRB2/NRG3
REACTOME_CELLULAR_RESPONSES_TO_MECHANICAL_STIMULI,REACTOME_CELLULAR_RESPONSES_TO_MECHANICAL_STIMULI,99,0.4465993247381071,1.5993701514191203,0.003262218455170757,0.022225922707198743,0.01621570577131663,3134,"tags=35%, list=20%, signal=28%",GNG2/PRKACB/CAPN2/GNG3/GNAQ/ADCY7/CACNB2/GNAS/FYN/MMP14/RICTOR/KDR/MTOR/CACNA2D1/VCL/PIK3CD/TRPV4/IKBKG/PIK3CA/PRKAR2A/ADCY6/ABL1/PRKAR1B/GNA11/PIK3R2/PIEZO1/PRKACA/CACNB1/PPP2R1A/AKT1/GNB1/ITGB3/ITGAV/PRKAR1A/PIK3CB
REACTOME_SIGNALING_BY_TYPE_1_INSULIN_LIKE_GROWTH_FACTOR_1_RECEPTOR_IGF1R,REACTOME_SIGNALING_BY_TYPE_1_INSULIN_LIKE_GROWTH_FACTOR_1_RECEPTOR_IGF1R,50,0.5267657947768913,1.677103127538974,0.0034454644777418652,0.023356440102883298,0.017040514608244614,4452,"tags=50%, list=29%, signal=36%",PIK3R1/GAB2/PIK3C3/FGF1/PIK3CA/FGF5/IGF1R/PIK3R2/FGFR1/FGF18/PTPN11/FGFR3/FGF2/PIK3CB/GAB1/FGF9/TLR9/KRAS/PDPK1/IRS1/IGF1/KL/IRS2/FRS2/NRAS
REACTOME_SYNTHESIS_SECRETION_AND_INACTIVATION_OF_GLUCAGON_LIKE_PEPTIDE_1_GLP_1,REACTOME_SYNTHESIS_SECRETION_AND_INACTIVATION_OF_GLUCAGON_LIKE_PEPTIDE_1_GLP_1,15,-0.740822624657344,-1.8001915424754231,0.003525562852216476,0.023725726161814693,0.017309940276459553,815,"tags=33%, list=5%, signal=32%",SEC11A/GNG13/SPCS2/SPCS1/SEC11C
REACTOME_CA_DEPENDENT_EVENTS,REACTOME_CA_DEPENDENT_EVENTS,34,0.5797867853490335,1.7266276939465386,0.0035351156104705362,0.023725726161814693,0.017309940276459553,2342,"tags=41%, list=15%, signal=35%",PRKACB/ADCY7/MAPK1/CAMK2G/PRKCD/PRKAR2A/ADCY6/CAMK2D/CAMKK1/PDE1A/PRKAR1B/PRKCG/PRKCA/PRKACA
REACTOME_NR1H3_NR1H2_REGULATE_GENE_EXPRESSION_LINKED_TO_CHOLESTEROL_TRANSPORT_AND_EFFLUX,REACTOME_NR1H3_NR1H2_REGULATE_GENE_EXPRESSION_LINKED_TO_CHOLESTEROL_TRANSPORT_AND_EFFLUX,32,0.5909681621970289,1.7205326996104415,0.0035563263041333594,0.02374992170433615,0.017327592987830594,1606,"tags=28%, list=10%, signal=25%",TBL1XR1/NCOA1/TBL1X/ARL4C/HDAC3/NCOR1/AGO2/AGO1/ABCA1
REACTOME_SIGNAL_TRANSDUCTION_BY_L1,REACTOME_SIGNAL_TRANSDUCTION_BY_L1,21,0.6557787579840739,1.7282204613675554,0.003651259039151293,0.02426378543751278,0.017702500397233388,3410,"tags=52%, list=22%, signal=41%",CSNK2A2/EGFR/MAPK1/MAPK3/RAC1/FGFR1/ITGB3/ITGAV/MAP2K2/PAK1/NRP1
REACTOME_TRANSPORT_OF_MATURE_TRANSCRIPT_TO_CYTOPLASM,REACTOME_TRANSPORT_OF_MATURE_TRANSCRIPT_TO_CYTOPLASM,69,-0.48537534602800025,-1.5946234923748341,0.0036966385600774223,0.024444928517374717,0.017834659719671776,1402,"tags=22%, list=9%, signal=20%",MAGOHB/THOC1/NCBP2/SARNP/THOC6/NUP85/DDX39A/NUP35/SRSF9/THOC7/SRSF3/SEC13/NXT1/SRSF7/MAGOH
REACTOME_HEME_SIGNALING,REACTOME_HEME_SIGNALING,45,0.5388464801749429,1.6936232712926782,0.003860990896860554,0.02480231949850054,0.018095406914359957,2979,"tags=44%, list=19%, signal=36%",TBL1XR1/NCOA1/TBL1X/ATF2/NCOA2/PPARGC1A/RORA/SLC46A1/NRIP1/HDAC3/NCOR1/CARM1/LY96/MAFK/CLOCK/MEF2D/CRTC1/MED1/RAI1/NR1D1
REACTOME_CLEC7A_DECTIN_1_INDUCES_NFAT_ACTIVATION,REACTOME_CLEC7A_DECTIN_1_INDUCES_NFAT_ACTIVATION,10,0.7842247830427522,1.6901251766492091,0.0037948130128687926,0.02480231949850054,0.018095406914359957,1528,"tags=50%, list=10%, signal=45%",AHCYL1/ITPR2/PPP3CB/NFATC1/PPP3R1
REACTOME_CHOLESTEROL_BIOSYNTHESIS_VIA_DESMOSTEROL_BLOCH_PATHWAY,REACTOME_CHOLESTEROL_BIOSYNTHESIS_VIA_DESMOSTEROL_BLOCH_PATHWAY,10,0.7836571024714429,1.6889017375962607,0.003832572036337548,0.02480231949850054,0.018095406914359957,1530,"tags=50%, list=10%, signal=45%",NSDHL/HSD17B7/DHCR7/SC5D/DHCR24
REACTOME_SIGNALING_BY_NOTCH4,REACTOME_SIGNALING_BY_NOTCH4,65,-0.4942540410433381,-1.6085210906744205,0.0038348267053321394,0.02480231949850054,0.018095406914359957,1225,"tags=46%, list=8%, signal=43%",PSMC3/HES1/PSMB2/PSMC4/PSMD7/UBC/TACC3/PSMC6/MAML1/PSENEN/ADAM10/SNW1/APH1A/PSMD6/PSMA6/PSMB5/PSMA3/SKP1/PSMA1/HEY1/PSMA5/PSMB1/PSMA2/PSMB4/PSMD14/ADRM1/PSMD13/PSMB6/PSMA7/PSMB3
REACTOME_RHOA_GTPASE_CYCLE,REACTOME_RHOA_GTPASE_CYCLE,140,0.415044254590372,1.5494584681667156,0.0038609985876094243,0.02480231949850054,0.018095406914359957,3409,"tags=34%, list=22%, signal=26%",ARHGEF11/FLOT2/ABCD3/DAAM1/PIK3R1/SOWAHC/NET1/ARHGAP35/ARHGEF25/ARHGAP1/ARHGAP20/TIAM1/RASGRF2/ABR/AKAP13/ARHGAP31/ARHGAP23/ARHGEF12/ARHGAP24/DIAPH1/PLD1/ARHGDIA/FLOT1/SLK/SRGAP1/ARHGAP44/ARHGEF17/MYO9A/PIK3R2/DOCK2/ARHGAP19/ARHGEF2/ARHGEF28/ARHGAP28/RHOA/KALRN/OPHN1/VAPB/ARHGEF4/ARAP2/ANLN/FARP1/IQGAP1/ARHGEF5/ACBD5/STK10/ARHGAP21
REACTOME_G_ALPHA_Q_SIGNALLING_EVENTS,REACTOME_G_ALPHA_Q_SIGNALLING_EVENTS,200,0.3734787127322143,1.4398729695552714,0.0038032758745817066,0.02480231949850054,0.018095406914359957,1399,"tags=12%, list=9%, signal=11%",GNG2/GRK5/GNG3/EGFR/ITPR2/PIK3R1/GNAQ/OXTR/PRKCQ/MAPK1/MAPK3/ADRA1A/ARHGEF25/RASGRP1/PRKCD/F2R/PIK3CA/CASR/HRH1/CYSLTR2/ADRA1B/DGKA/RGS17/AGT
REACTOME_PI_3K_CASCADE_FGFR3,REACTOME_PI_3K_CASCADE_FGFR3,16,0.7157436203112097,1.7215424956617733,0.0042085798159328105,0.026906986595703133,0.01963094102218597,3365,"tags=62%, list=22%, signal=49%",PIK3R1/FGF1/PIK3CA/FGF5/FGF18/PTPN11/FGFR3/FGF2/GAB1/FGF9
REACTOME_G1_S_DNA_DAMAGE_CHECKPOINTS,REACTOME_G1_S_DNA_DAMAGE_CHECKPOINTS,61,-0.5017056988627523,-1.6151079189790394,0.004515647859866642,0.028734004542264623,0.02096390640007602,1225,"tags=30%, list=8%, signal=27%",CCNE2/PSMD6/PSMA6/PSMB5/PSMA3/SKP1/PSMA1/PSMA5/PSMB1/CDKN1B/PSMA2/PSMB4/PSMD14/ADRM1/PSMD13/PSMB6/PSMA7/PSMB3
REACTOME_CLATHRIN_MEDIATED_ENDOCYTOSIS,REACTOME_CLATHRIN_MEDIATED_ENDOCYTOSIS,129,0.39983833687372405,1.4711323318041953,0.004639693047832923,0.029384722636275177,0.021438660734982865,2685,"tags=26%, list=17%, signal=22%",OCRL/STAM2/CBL/EGFR/STON2/RAB5A/RAB5B/REPS2/STON1/SYNJ1/SYNJ2/LRP2/SNAP91/CTTN/SGIP1/AMPH/GAK/ITSN1/SYT1/AGFG1/LDLR/DNAJC6/PACSIN1/ARPC2/CLTC/ACTR2/ITSN2/FCHO1/FZD4/AP2A1/AAK1/IGF2R/EPN1/SYT11
REACTOME_PKA_ACTIVATION_IN_GLUCAGON_SIGNALLING,REACTOME_PKA_ACTIVATION_IN_GLUCAGON_SIGNALLING,16,0.7099543344040379,1.7076178144967513,0.004769707825404162,0.03006698998350568,0.021936432940250328,3491,"tags=56%, list=23%, signal=44%",PRKACB/ADCY7/GNAS/PRKAR2A/ADCY6/PRKAR1B/PRKACA/PRKAR1A/ADCY4
REACTOME_RESPONSE_OF_MTB_TO_PHAGOCYTOSIS,REACTOME_RESPONSE_OF_MTB_TO_PHAGOCYTOSIS,20,0.6568024109224303,1.7030140116658958,0.004795103278170503,0.030086485219776787,0.021950656377426783,1994,"tags=50%, list=13%, signal=44%",KPNB1/RAB5A/MAPK1/MAPK3/KPNA1/GSK3A/DUSP16/RAB7A/RNF213/VPS33B
REACTOME_CONSTITUTIVE_SIGNALING_BY_EGFRVIII,REACTOME_CONSTITUTIVE_SIGNALING_BY_EGFRVIII,15,0.7155045676664762,1.6796741625157547,0.004940724635858979,0.030856655248952602,0.022512561084445153,928,"tags=33%, list=6%, signal=31%",CBL/EGFR/PLCG1/PIK3R1/PIK3CA
REACTOME_SLC_MEDIATED_TRANSPORT_OF_ORGANIC_ANIONS,REACTOME_SLC_MEDIATED_TRANSPORT_OF_ORGANIC_ANIONS,34,0.5687235027416522,1.6936808061964803,0.005043570757784151,0.03120998601949917,0.022770346009310386,1425,"tags=18%, list=9%, signal=16%",SLC44A5/SLC16A2/SLC17A5/SLCO1C1/EMB/SLC16A8
REACTOME_SIGNALING_BY_WNT_IN_CANCER,REACTOME_SIGNALING_BY_WNT_IN_CANCER,31,0.5809679985687434,1.67707432128056,0.0050400836337135884,0.03120998601949917,0.022770346009310386,3533,"tags=52%, list=23%, signal=40%",TNKS/PPP2R5E/DKK2/GSK3B/LRP5/TNKS2/PORCN/FZD8/APC/FZD4/PPP2R1A/PPP2CB/CTBP2/CSNK1A1/AMER1/CTBP1
REACTOME_SIGNALING_BY_CYTOSOLIC_FGFR1_FUSION_MUTANTS,REACTOME_SIGNALING_BY_CYTOSOLIC_FGFR1_FUSION_MUTANTS,16,0.7070245866725178,1.7005710381396144,0.005170514540842973,0.03184942518537521,0.023236871404413266,1328,"tags=44%, list=9%, signal=40%",PIK3R1/GAB2/CNTRL/PIK3CA/TRIM24/STAT3/LRRFIP1
REACTOME_RHOU_GTPASE_CYCLE,REACTOME_RHOU_GTPASE_CYCLE,38,0.5679672318929698,1.7199940808839322,0.0052199919571305105,0.03200804159167754,0.023352595597689128,3415,"tags=53%, list=22%, signal=41%",STAM2/RHOU/PIK3R1/SPTBN1/PTK2B/PEAK1/WDR6/PAK3/ARHGAP31/USP9X/SRC/CLTC/PIK3R2/ITSN2/MYO6/ARHGEF6/PAK1/IQGAP1/HGS/PAK2
REACTOME_RNA_POLYMERASE_I_PROMOTER_ESCAPE,REACTOME_RNA_POLYMERASE_I_PROMOTER_ESCAPE,28,-0.6085858806267808,-1.7038755726106862,0.0052658354059596044,0.03214304055492989,0.023451088852451677,2750,"tags=54%, list=18%, signal=44%",ERCC2/TAF1A/GTF2H3/TAF1D/TAF1C/MNAT1/GTF2H4/POLR2H/POLR2E/POLR2F/CCNH/POLR2L/POLR2K/POLR1C/POLR1D
REACTOME_DOWNSTREAM_SIGNALING_OF_ACTIVATED_FGFR3,REACTOME_DOWNSTREAM_SIGNALING_OF_ACTIVATED_FGFR3,23,0.6443998958435052,1.7282223815570845,0.005407459473972698,0.03278077269233478,0.023916368824730225,3534,"tags=52%, list=23%, signal=40%",PLCG1/PIK3R1/FGF1/PIK3CA/FGF5/FGF18/PTPN11/FGFR3/FGF2/GAB1/FGF9/KRAS
REACTOME_TRNA_MODIFICATION_IN_THE_NUCLEUS_AND_CYTOSOL,REACTOME_TRNA_MODIFICATION_IN_THE_NUCLEUS_AND_CYTOSOL,38,-0.5573470276490704,-1.6279243114692328,0.005418912016597966,0.03278077269233478,0.023916368824730225,1411,"tags=34%, list=9%, signal=31%",ADAT1/OSGEP/TRMT44/TRMT12/URM1/CTU1/QTRT1/TYW1/PUS7/CTU2/CDKAL1/TP53RK/TRMT112
REACTOME_IRS_MEDIATED_SIGNALLING,REACTOME_IRS_MEDIATED_SIGNALLING,45,0.5267964792435113,1.6557494746782042,0.005510302169183573,0.033037322783238406,0.02410354399151645,4452,"tags=51%, list=29%, signal=37%",PIK3R1/GAB2/PIK3C3/FGF1/PIK3CA/FGF5/PIK3R2/FGFR1/FGF18/PTPN11/FGFR3/FGF2/PIK3CB/GAB1/FGF9/TLR9/KRAS/PDPK1/IRS1/KL/IRS2/FRS2/NRAS
REACTOME_TRANSLOCATION_OF_SLC2A4_GLUT4_TO_THE_PLASMA_MEMBRANE,REACTOME_TRANSLOCATION_OF_SLC2A4_GLUT4_TO_THE_PLASMA_MEMBRANE,62,0.4951312383891489,1.638049917884549,0.005496811236316041,0.033037322783238406,0.02410354399151645,4467,"tags=53%, list=29%, signal=38%",RHOQ/RAB4A/PRKAB2/RAB10/MYO5A/TUBA1C/RALGAPB/PRKAA2/STXBP3/KIF3B/SLC2A4/EXOC1/RAC1/YWHAG/EXOC2/YWHAZ/TUBB3/KIFAP3/EXOC4/AKT1/EXOC6/EXOC3/TBC1D1/EXOC8/YWHAH/YWHAB/LNPEP/ASPSCR1/VAMP2/TBC1D4/EXOC5/KIF3A/RALGAPA2
REACTOME_BASE_EXCISION_REPAIR_AP_SITE_FORMATION,REACTOME_BASE_EXCISION_REPAIR_AP_SITE_FORMATION,17,-0.6851280527436427,-1.7144863987331482,0.005652372193404843,0.03373915968541209,0.024615593855768645,1735,"tags=24%, list=11%, signal=21%",MUTYH/NTHL1/NEIL1/SMUG1
REACTOME_MTORC1_MEDIATED_SIGNALLING,REACTOME_MTORC1_MEDIATED_SIGNALLING,17,-0.6844703423920109,-1.7128405232684625,0.005721725588650077,0.03400267761713195,0.02480785265656305,558,"tags=29%, list=4%, signal=28%",LAMTOR1/LAMTOR5/LAMTOR3/LAMTOR2/LAMTOR4
REACTOME_RAB_GERANYLGERANYLATION,REACTOME_RAB_GERANYLGERANYLATION,61,0.49335758595812773,1.6305666799452445,0.005754945605870371,0.03405009483473303,0.024842447559966743,1410,"tags=20%, list=9%, signal=18%",RAB2B/RAB4A/RAB5A/RAB10/RAB5B/RAB8B/RAB6B/RAB3B/RAB27B/RAB37/RAB22A/RAB7A
REACTOME_REGULATION_OF_PTEN_STABILITY_AND_ACTIVITY,REACTOME_REGULATION_OF_PTEN_STABILITY_AND_ACTIVITY,51,-0.5189725843978839,-1.622994450823895,0.00585723387803218,0.034503967255307466,0.02517358619149661,1225,"tags=29%, list=8%, signal=27%",PSMD6/PSMA6/PSMB5/PSMA3/PSMA1/PSMA5/PSMB1/PSMA2/PSMB4/PSMD14/ADRM1/PSMD13/PSMB6/PSMA7/PSMB3
REACTOME_ABC_FAMILY_PROTEINS_MEDIATED_TRANSPORT,REACTOME_ABC_FAMILY_PROTEINS_MEDIATED_TRANSPORT,80,-0.4513759982183201,-1.5109887593406506,0.006047250648722187,0.035468439674461866,0.0258772510597494,1225,"tags=21%, list=8%, signal=20%",PSMD6/PSMA6/PSMB5/PSMA3/ERLIN1/PSMA1/PSMA5/PSMB1/PSMA2/DERL2/PSMB4/PSMD14/ADRM1/PSMD13/PSMB6/PSMA7/PSMB3
REACTOME_SIGNALING_BY_NUCLEAR_RECEPTORS,REACTOME_SIGNALING_BY_NUCLEAR_RECEPTORS,218,0.36150739528736864,1.4041004569829088,0.00611850897278895,0.035731032919014256,0.02606883522240906,1998,"tags=24%, list=13%, signal=21%",GNG2/TBL1XR1/NCOA1/PDHA1/PDK1/TBL1X/GNG3/EGFR/HDAC1/PDK4/ATF2/NCOA2/PIK3R1/S1PR3/JUND/PDK3/MAPK1/MAPK3/ARL4C/ERBB4/UHMK1/PIK3CA/NRIP1/POLR2A/CYP26B1/KAT2B/HDAC3/NCOR1/AGO2/KCTD6/NCOA3/AGO1/MYLIP/FKBP5/SRC/CDK9/CARM1/KANK1/IGF1R/ALDH1A3/ABCA1/CCNT1/FASN/SCD/DDX5/GPAM/CCND1/PDK2/RDH16/YY1/PIK3R2/DLAT/ELK1
REACTOME_SYNTHESIS_OF_VERY_LONG_CHAIN_FATTY_ACYL_COAS,REACTOME_SYNTHESIS_OF_VERY_LONG_CHAIN_FATTY_ACYL_COAS,19,0.6640897192891033,1.6980530104672173,0.006432424135450824,0.037402328270358456,0.027288187688958805,1716,"tags=32%, list=11%, signal=28%",ACSL3/ACSL6/ACSL1/ACSL4/ELOVL7/ACSL5
REACTOME_RET_SIGNALING,REACTOME_RET_SIGNALING,38,0.560242596180283,1.6966013093352568,0.006591646851111643,0.03800056240234874,0.0277246504983778,3230,"tags=37%, list=21%, signal=29%",PRKACB/PLCG1/PIK3R1/GAB2/PIK3CD/PIK3CA/SRC/PIK3R2/PRKCA/PRKACA/PTPN11/RET/PIK3CB/GAB1
REACTOME_MITOTIC_METAPHASE_AND_ANAPHASE,REACTOME_MITOTIC_METAPHASE_AND_ANAPHASE,198,-0.36794747484960433,-1.3877975637908455,0.006565314045663302,0.03800056240234874,0.0277246504983778,2150,"tags=23%, list=14%, signal=20%",SKA2/CENPC/ANKLE2/NUP43/NUF2/SPC24/CHMP2B/DYNLL1/PMF1/UBE2E1/SUMO1/RCC1/ANAPC16/CENPQ/PSMD6/MAD2L1/TMPO/PSMA6/PSMB5/PSMA3/STAG1/PSMA1/PSMA5/CHMP2A/CDC26/NUP85/PSMB1/PSMA2/CCNB2/HDAC8/LMNA/RAN/EMD/NUP35/PSMB4/PSMD14/ANAPC11/ADRM1/PSMD13/BANF1/SEC13/PSMB6/B9D2/PSMA7/PSMB3/KIF18A
REACTOME_DOWNSTREAM_SIGNAL_TRANSDUCTION,REACTOME_DOWNSTREAM_SIGNAL_TRANSDUCTION,29,0.5934304638023236,1.691703856046105,0.0067579584569225255,0.038793557269738245,0.0283032078710977,3537,"tags=48%, list=23%, signal=37%",PDGFRA/PLCG1/PIK3R1/PIK3CA/CRKL/STAT3/PDGFRB/SRC/PIK3R2/PTPN11/RAPGEF1/PIK3CB/KRAS/PDGFA
REACTOME_PI_3K_CASCADE_FGFR4,REACTOME_PI_3K_CASCADE_FGFR4,17,0.6749158329159566,1.6582964583385775,0.006924305787009363,0.039580036045235724,0.02887701119916929,3365,"tags=47%, list=22%, signal=37%",PIK3R1/FGF1/PIK3CA/FGF18/PTPN11/FGF2/GAB1/FGF9
REACTOME_PARASITE_INFECTION,REACTOME_PARASITE_INFECTION,55,0.48521432614893223,1.5848083296607045,0.007136976807993197,0.04062355153579251,0.02963834472784206,2998,"tags=36%, list=19%, signal=29%",CYFIP2/CYFIP1/FYN/ABI2/MAPK1/MAPK3/ABI1/MYO5A/WIPF2/SRC/ABL1/NCKAP1/MYH2/ARPC2/RAC1/ACTR2/ELMO1/NCKIPSD/SYK/WASF2
REACTOME_TRANSCRIPTIONAL_REGULATION_BY_TP53,REACTOME_TRANSCRIPTIONAL_REGULATION_BY_TP53,327,-0.32630398705332786,-1.3136724186920177,0.007209833512991551,0.040865821046326065,0.029815100993574085,2460,"tags=24%, list=16%, signal=21%",PPP2R1B/DAXX/PRKAG1/GTF2F1/GTF2H3/BBC3/CDK2/USP2/COX7A1/TAF12/GADD45A/TAF11/RAD9A/COX4I2/TXN/FOS/CHD3/CNOT6/TTC5/COX6A1/PRMT1/RABGGTB/CCNE2/MNAT1/RFC3/TCEA1/EHMT1/PIN1/RFC4/TMEM219/COX8A/PRDX1/TAF7/TOP3A/POLR2G/GTF2H4/TAF8/RFC2/RBBP4/PRDX2/BANP/COX4I1/POLR2H/POLR2C/TAF5/NDUFA4/POLR2E/RGCC/POLR2F/TAF15/BNIP3L/CDKN1B/CASP2/COX7A2/TAF9/PRDX5/LAMTOR1/COX7B/CYCS/CCNH/POLR2D/SCO2/LAMTOR5/LAMTOR3/MAPKAP1/RPA3/COX5A/TP53RK/COX6B1/POLR2L/TAF13/POLR2K/TRIAP1/BAX/LAMTOR2/LAMTOR4/SUPT4H1/POLR2J/POLR2I/TAF4
REACTOME_RNA_POLYMERASE_I_TRANSCRIPTION_TERMINATION,REACTOME_RNA_POLYMERASE_I_TRANSCRIPTION_TERMINATION,26,-0.6176943301733044,-1.7172346309030735,0.007277338617734112,0.04089826680277487,0.029838772939483057,2750,"tags=58%, list=18%, signal=48%",ERCC2/TAF1A/GTF2H3/TAF1D/TAF1C/MNAT1/GTF2H4/POLR2H/POLR2E/POLR2F/CCNH/POLR2L/POLR2K/POLR1C/POLR1D
REACTOME_NRAGE_SIGNALS_DEATH_THROUGH_JNK,REACTOME_NRAGE_SIGNALS_DEATH_THROUGH_JNK,57,0.47137835644507087,1.544434112686379,0.007306510229406037,0.04089826680277487,0.029838772939483057,2859,"tags=35%, list=18%, signal=29%",ARHGEF11/ARHGEF26/NET1/AATF/GNA13/TIAM1/RASGRF2/ABR/AKAP13/ARHGEF12/FGD1/ITSN1/ARHGEF17/RAC1/MAPK8/ARHGEF2/BCL2L11/KALRN/ARHGEF6/ARHGEF4
REACTOME_INTEGRATION_OF_ENERGY_METABOLISM,REACTOME_INTEGRATION_OF_ENERGY_METABOLISM,103,0.42094984320666295,1.512408522433574,0.007286259459546635,0.04089826680277487,0.029838772939483057,3491,"tags=33%, list=23%, signal=26%",GNG2/AHCYL1/ACACA/PRKACB/GNG3/ACSL3/ITPR2/PRKAB2/GNAQ/ADCY7/CACNB2/GNAS/ACSL4/PRKAA2/PRKAR2A/ADCY6/FASN/PRKAR1B/GNA11/PRKCA/PRKACA/KCNC2/AKAP5/PPP2R1A/PPP2CB/GNB1/CD36/PRKAR1A/GNAI2/IQGAP1/PLCB1/STX1A/CACNB3/ADCY4
REACTOME_TRANSCRIPTIONAL_REGULATION_BY_RUNX2,REACTOME_TRANSCRIPTIONAL_REGULATION_BY_RUNX2,98,-0.4330156600929049,-1.4803884700117942,0.007373454410798526,0.04110243801721988,0.029987733249659077,1225,"tags=20%, list=8%, signal=19%",PSMD6/PSMA6/PSMB5/PSMA3/SKP1/PSMA1/HEY1/PSMA5/PSMB1/PSMA2/PSMB4/PSMD14/ADRM1/PSMD13/PSMB6/SMAD4/PSMA7/BAX/CDK4/PSMB3
REACTOME_PLATELET_ACTIVATION_SIGNALING_AND_AGGREGATION,REACTOME_PLATELET_ACTIVATION_SIGNALING_AND_AGGREGATION,241,0.34430222768885804,1.3581743844300012,0.0074149542440540795,0.04116367602974878,0.030032411601431948,3187,"tags=25%, list=21%, signal=20%",PHACTR2/GNG2/LHFPL2/TGFB2/TOR4A/GNG3/ITPR2/PIK3R1/GNAQ/CD109/PRKCQ/FYN/PROS1/MAPK1/MAPK3/RAB27B/VCL/HABP4/RASGRP1/PRKCD/GNA13/F2R/PIK3CA/TIMP3/DGKA/APLP2/STXBP3/SRC/PLCG2/ITIH3/GNA11/TTN/RAC1/PIK3R2/LGALS3BP/PRKCG/DGKH/PRKCA/RHOA/SPARC/MAGED2/ACTN4/F8/SERPINA3/YWHAZ/PRKCE/QSOX1/PTPN11/AKT1/DGKQ/CFL1/GNB1/SYK/ITGB3/SCG3/CD36/WDR1/FAM3C/PIK3CB/GNAI2/RHOB
REACTOME_INTERLEUKIN_1_SIGNALING,REACTOME_INTERLEUKIN_1_SIGNALING,93,-0.43690599387261037,-1.4839614395032366,0.0074716048524410845,0.04130817600796321,0.030137836656740354,1225,"tags=20%, list=8%, signal=19%",PSMD6/PSMA6/PSMB5/PSMA3/SKP1/NKIRAS2/PSMA1/PSMA5/PSMB1/PSMA2/MAP3K3/PSMB4/PSMD14/ADRM1/PSMD13/PSMB6/PSMA7/PSMB3/NFKB1
REACTOME_INTERLEUKIN_3_INTERLEUKIN_5_AND_GM_CSF_SIGNALING,REACTOME_INTERLEUKIN_3_INTERLEUKIN_5_AND_GM_CSF_SIGNALING,43,0.5323846732757263,1.6544268528218657,0.007687243091242535,0.04224122405048099,0.030818574762748022,4217,"tags=42%, list=27%, signal=31%",CBL/PIK3R1/FYN/GAB2/PIK3CD/PIK3CA/CRKL/PIK3R2/PRKACA/YWHAZ/PTPN11/RAPGEF1/SYK/PIK3CB/JAK1/HCK/JAK2/IL2RG
REACTOME_FGFR1C_LIGAND_BINDING_AND_ACTIVATION,REACTOME_FGFR1C_LIGAND_BINDING_AND_ACTIVATION,10,0.7612026530548672,1.6405089411591176,0.0077029956385606555,0.04224122405048099,0.030818574762748022,3365,"tags=70%, list=22%, signal=55%",FGF1/FGF5/TGFBR3/FGFR1/FGF2/GIPC1/FGF9
REACTOME_DENGUE_VIRUS_HOST_INTERACTIONS,REACTOME_DENGUE_VIRUS_HOST_INTERACTIONS,205,-0.35465254698580234,-1.3402283212267807,0.007759537392409332,0.04237901191238943,0.030919102756883553,2455,"tags=25%, list=16%, signal=22%",DAXX/SF3B4/GTF2F1/PABPN1/CPSF6/SRSF1/SNW1/HNRNPM/SMNDC1/RIPK1/HNRNPH1/PPIL4/HNRNPF/PCBP1/HNRNPA0/CSTF3/BCAS2/HNRNPC/PAPOLA/DYNLT1/POLR2G/PHF5A/NCBP2/PPIE/SNRPA1/YBX1/CCAR1/POLR2H/POLR2C/PPIL1/POLR2E/PTBP1/SF3B5/POLR2F/CLP1/SNRPB/SNRPD1/POLR2D/SF3B6/SNRPF/HNRNPL/SRSF9/SRSF3/MAPKAP1/POLR2L/POLR2K/SNRPD2/POLR2J/SRSF7/POLR2I/HNRNPA2B1/GRPEL1
REACTOME_DISORDERS_OF_DEVELOPMENTAL_BIOLOGY,REACTOME_DISORDERS_OF_DEVELOPMENTAL_BIOLOGY,17,0.6712359557572,1.6492548460932073,0.00787391515405609,0.04283028847911961,0.031248347491691184,2342,"tags=47%, list=15%, signal=40%",TBL1XR1/TBL1X/HDAC1/MECP2/HDAC3/NCOR1/SIN3A/PRKACA
REACTOME_RHOC_GTPASE_CYCLE,REACTOME_RHOC_GTPASE_CYCLE,70,0.4461453497895823,1.5029714857153513,0.007998003982165106,0.04333055169454108,0.031613332163704815,3409,"tags=39%, list=22%, signal=30%",ARHGEF11/FLOT2/ABCD3/DAAM1/PIK3R1/ARHGAP35/ARHGEF25/ARHGAP1/ABR/AKAP13/ARHGEF12/DIAPH1/ARHGDIA/FLOT1/SLK/ARHGEF17/ARHGEF28/FMNL2/RHOA/OPHN1/VAPB/ANLN/IQGAP1/ARHGEF5/ACBD5/STK10/ARHGAP21
REACTOME_INTRA_GOLGI_TRAFFIC,REACTOME_INTRA_GOLGI_TRAFFIC,40,0.5293143577565737,1.6124361432430674,0.008194167461627773,0.044215727622943464,0.03225914348051355,2505,"tags=32%, list=16%, signal=27%",NAPB/VTI1A/NAPG/MAN1A2/NSF/GOSR1/MAN1A1/GOSR2/MAN2A2/COG7/RGP1/CYTH3/CYTH2
REACTOME_LONG_TERM_POTENTIATION,REACTOME_LONG_TERM_POTENTIATION,20,0.6409338238855661,1.6618685688055908,0.008227222816259408,0.04421722541487626,0.03226023624744201,2964,"tags=45%, list=19%, signal=36%",DLG3/CAMK2G/ERBB4/SRC/CAMK2D/NEFL/GRIN1/GRIN2D/GRIN2A
REACTOME_CONSTITUTIVE_SIGNALING_BY_LIGAND_RESPONSIVE_EGFR_CANCER_VARIANTS,REACTOME_CONSTITUTIVE_SIGNALING_BY_LIGAND_RESPONSIVE_EGFR_CANCER_VARIANTS,16,0.686316332360835,1.6507625050324215,0.008458724756976663,0.04528103054429174,0.03303637279771587,928,"tags=31%, list=6%, signal=29%",CBL/EGFR/PLCG1/PIK3R1/PIK3CA
REACTOME_STIMULI_SENSING_CHANNELS,REACTOME_STIMULI_SENSING_CHANNELS,92,0.4261854827216325,1.513437814291026,0.008545848468564586,0.04556659914661513,0.033244719442928596,3224,"tags=26%, list=21%, signal=21%",UNC80/TTYH1/WNK3/WWP1/TRPM3/ASIC2/TRPC5/ANO10/TRPV4/ANO6/ANO5/MCOLN1/TRPV2/TRPC4AP/STOML3/FKBP1B/BEST1/CLCN3/ANO3/CLCN6/SCNN1G/CASQ1/TRPA1/NEDD4L
REACTOME_ANTI_INFLAMMATORY_RESPONSE_FAVOURING_LEISHMANIA_PARASITE_INFECTION,REACTOME_ANTI_INFLAMMATORY_RESPONSE_FAVOURING_LEISHMANIA_PARASITE_INFECTION,71,0.45260739875945694,1.5262380746977542,0.008601221136827425,0.04568128863614251,0.03332839520486383,1772,"tags=23%, list=11%, signal=20%",GNG2/AHCYL1/PRKACB/GNG3/PLCG1/ITPR2/ADCY7/GNAS/FYN/GNAZ/PRKAR2A/CYSLTR2/SRC/ADCY6/PLCG2/PRKAR1B
REACTOME_SIGNALING_BY_PDGF,REACTOME_SIGNALING_BY_PDGF,58,0.48541646041212055,1.5976894376658795,0.008743595149035048,0.046255332768816784,0.03374720934715282,1339,"tags=22%, list=9%, signal=21%",PDGFRA/PLCG1/PIK3R1/COL4A1/COL4A4/COL4A2/PIK3CA/PLAT/CRKL/STAT3/PDGFRB/COL9A3/SRC
REACTOME_RHO_GTPASES_ACTIVATE_WASPS_AND_WAVES,REACTOME_RHO_GTPASES_ACTIVATE_WASPS_AND_WAVES,32,0.5565596640843407,1.6203564973472364,0.008857946914662598,0.04667722807765564,0.03405501794905234,2018,"tags=38%, list=13%, signal=33%",CYFIP2/CYFIP1/ABI2/MAPK1/MAPK3/ABI1/WIPF2/ABL1/NCKAP1/ARPC2/RAC1/ACTR2
REACTOME_FCERI_MEDIATED_CA_2_MOBILIZATION,REACTOME_FCERI_MEDIATED_CA_2_MOBILIZATION,29,0.5826263691603003,1.6609044116598355,0.008978430300172292,0.04712802519428958,0.03438391288413309,1575,"tags=24%, list=10%, signal=22%",AHCYL1/PLCG1/ITPR2/PPP3CB/NFATC1/PPP3R1/PLCG2
REACTOME_VEGFR2_MEDIATED_CELL_PROLIFERATION,REACTOME_VEGFR2_MEDIATED_CELL_PROLIFERATION,18,0.6572179456156059,1.6666578012765019,0.009186790497011734,0.04774825652886065,0.03483642452848871,1339,"tags=33%, list=9%, signal=30%",AHCYL1/PLCG1/ITPR2/KDR/PRKCD/SRC
REACTOME_SIGNALING_BY_KIT_IN_DISEASE,REACTOME_SIGNALING_BY_KIT_IN_DISEASE,20,0.6365301988908454,1.650450469627789,0.009167449885439079,0.04774825652886065,0.03483642452848871,1935,"tags=35%, list=13%, signal=31%",KIT/PIK3R1/FYN/PIK3CA/STAT3/SRC/PIK3R2
REACTOME_SENSORY_PERCEPTION,REACTOME_SENSORY_PERCEPTION,218,0.3526804241460273,1.3698163610697942,0.009202777388809317,0.04774825652886065,0.03483642452848871,2933,"tags=18%, list=19%, signal=15%",LRP8/OR51E1/NMT2/PRKCQ/CACNB2/DNAJC5/SPTBN1/CASK/CAPZB/LRP2/KCNMA1/CAPZA2/SCN2A/GRM1/LDLR/NMT1/SDC3/TMIE/RDH16/XIRP2/METAP1/REEP1/LRP1/BSN/PRKCA/EPS8/GPC6/GPC4/OTOF/EPB41L3/ATP2B1/SDC2/SCN3A/CTBP2/GRK4/SCNN1G/GNB1/CYP4V2/GNAL
REACTOME_GASTRULATION,REACTOME_GASTRULATION,101,-0.4250152541578837,-1.4649310379551657,0.009339131043723609,0.04827006811487796,0.03521713057423502,1322,"tags=17%, list=9%, signal=15%",EOMES/PSMD6/PSMA6/PSMB5/PSMA3/PSMA1/PSMA5/PSMB1/PSMA2/PSMB4/PSMD14/ADRM1/PSMD13/PSMB6/SMAD4/PSMA7/PSMB3
REACTOME_CARDIAC_CONDUCTION,REACTOME_CARDIAC_CONDUCTION,116,0.40480933746096226,1.4672071058993454,0.009429751719026587,0.04855242392735445,0.03542313321530678,2812,"tags=27%, list=18%, signal=22%",ATP2B4/KCND3/AHCYL1/ITPR2/KCNIP1/CACNB2/CAMK2G/ATP2B3/FGF12/ORAI2/KAT2B/KCNK9/CAMK2D/SCN2A/KCNIP4/SCN7A/ATP2A1/SCN4A/FKBP1B/SCN8A/KCNH2/SCN1A/FGF14/PRKACA/CACNB1/NPR1/HIPK1/ATP2B1/SCN3A/SLC8A1/HIPK2
REACTOME_MITOCHONDRIAL_PROTEIN_DEGRADATION,REACTOME_MITOCHONDRIAL_PROTEIN_DEGRADATION,81,-0.4444500290290552,-1.4875533400115044,0.009615841049718542,0.04932231777973503,0.03598483642780403,1867,"tags=32%, list=12%, signal=28%",ALDH2/MRPL12/FH/ECH1/YME1L1/SHMT2/NDUFV1/SSBP1/TIMM10/NDUFA2/COX4I1/HSD17B10/HTRA2/NDUFB6/MRPL32/NDUFS3/ECI1/NDUFV3/TIMM22/COX5A/CLPP/TRIAP1/SMDT1/UQCRQ/NDUFA13/CHCHD2
REACTOME_HOST_INTERACTIONS_OF_HIV_FACTORS,REACTOME_HOST_INTERACTIONS_OF_HIV_FACTORS,103,-0.41845120638395733,-1.450599445562298,0.009682209417875634,0.04947462312391754,0.036095956163132846,2104,"tags=27%, list=14%, signal=24%",NUP43/SLC25A5/ATP6V1H/HLA-A/RANBP1/RCC1/PSMD6/AP2S1/PSMA6/PSMB5/PSMA3/SKP1/PSMA1/PSMA5/NUP85/PSMB1/PSMA2/RAN/NUP35/PSMB4/PSMD14/ADRM1/PSMD13/BANF1/SEC13/PSMB6/PSMA7/PSMB3
REACTOME_SIGNALING_BY_SCF_KIT,REACTOME_SIGNALING_BY_SCF_KIT,43,0.5216525624284727,1.6210759821743155,0.009970516562432037,0.050755572991399316,0.0370305183152888,2732,"tags=33%, list=18%, signal=27%",KIT/CBL/PIK3R1/FYN/GAB2/PIK3CA/STAT3/SRC/SH2B2/RAC1/PIK3R2/PRKCA/FER/PTPN11
REACTOME_NUCLEOTIDE_EXCISION_REPAIR,REACTOME_NUCLEOTIDE_EXCISION_REPAIR,101,-0.4217924222714717,-1.4538226685158826,0.010030906312907479,0.050871024872602214,0.037114750306958814,2597,"tags=32%, list=17%, signal=27%",XRCC1/RUVBL1/ERCC1/GTF2H3/INO80E/POLD1/POLK/RAD23A/SUMO1/MNAT1/RFC3/TCEA1/RFC4/ERCC8/POLR2G/GTF2H4/PPIE/POLD4/RFC2/POLE4/POLR2H/POLR2C/POLR2E/POLR2F/CCNH/POLR2D/RPA3/POLR2L/POLR2K/POLR2J/POLR2I/ACTL6A
REACTOME_CRMPS_IN_SEMA3A_SIGNALING,REACTOME_CRMPS_IN_SEMA3A_SIGNALING,16,0.6780364830883185,1.6308473958008316,0.01023098005388203,0.05169135615238523,0.037713251923436615,4239,"tags=81%, list=27%, signal=59%",PLXNA4/FYN/CDK5R1/GSK3B/DPYSL5/CRMP1/DPYSL3/DPYSL2/PLXNA2/PLXNA1/NRP1/FES/SEMA3A
REACTOME_SLC_MEDIATED_TRANSPORT_OF_INORGANIC_ANIONS,REACTOME_SLC_MEDIATED_TRANSPORT_OF_INORGANIC_ANIONS,34,0.5438456814890653,1.619593682748316,0.010284935357353035,0.051770066406974784,0.03777067776561307,3288,"tags=38%, list=21%, signal=30%",SLC12A6/SLC4A8/SLC4A7/SLC4A4/SLC4A10/SLC26A11/SLC4A2/SLC13A4/SLC4A1/SLC12A5/SLC12A2/AHCYL2/SLC26A4
REACTOME_PLATELET_HOMEOSTASIS,REACTOME_PLATELET_HOMEOSTASIS,79,0.42598374197332173,1.4680310380669135,0.0104372775660934,0.05195530419431733,0.037905824526305414,1090,"tags=16%, list=7%, signal=15%",GNG2/ATP2B4/LRP8/GNG3/ITPR2/GNAS/ATP2B3/PRKG2/ORAI2/PDE9A/PPP2R5E/KCNMA1/PAFAH2
REACTOME_TRANSCRIPTIONAL_REGULATION_BY_RUNX3,REACTOME_TRANSCRIPTIONAL_REGULATION_BY_RUNX3,78,-0.4336575088554266,-1.4525597086114768,0.01042924536701439,0.05195530419431733,0.037905824526305414,1225,"tags=21%, list=8%, signal=19%",PSMD6/PSMA6/PSMB5/PSMA3/PSMA1/PSMA5/PSMB1/PSMA2/PSMB4/PSMD14/ADRM1/PSMD13/PSMB6/SMAD4/PSMA7/PSMB3
REACTOME_INTRACELLULAR_SIGNALING_BY_SECOND_MESSENGERS,REACTOME_INTRACELLULAR_SIGNALING_BY_SECOND_MESSENGERS,287,0.32762336984429136,1.3138198873635873,0.010407780567360874,0.05195530419431733,0.037905824526305414,2852,"tags=29%, list=18%, signal=24%",AHCYL1/PDGFRA/PRKACB/CSNK2A2/MTA3/USP13/KIT/EGFR/HDAC1/PLCG1/ATF2/CASP9/ITPR2/PIK3R1/ADCY7/FYN/MAPK1/MAPK3/CAMK2G/CHD4/RICTOR/USP7/TNKS/ERBB4/MTOR/GAB2/MTA1/REST/PRKCD/PIP5K1A/PIK3CD/NTRK2/PPP2R5E/FGF1/PIK3CA/TSC2/HDAC3/PHLPP1/PTEN/PRKAR2A/GSK3A/GSK3B/PHLPP2/AGO2/PDGFRB/AGO1/SRC/ADCY6/RBBP7/CAMK2D/FGF5/ATN1/PIP4K2B/NRG3/RCOR1/CAMKK1/PDE1A/PRKAR1B/GATAD2B/RAC1/PIP4K2A/PIK3R2/TNKS2/CBX6/PRKCG/PIK3AP1/FGFR1/PRKCA/PRKACA/PHC3/GATAD2A/PPP2R1A/PRKCE/PPP2CB/NRG4/FGF18/PTPN11/AKT1/NBEA/JUN/FOXO1/FGFR3/TRAF6
REACTOME_SNRNP_ASSEMBLY,REACTOME_SNRNP_ASSEMBLY,47,-0.5048228621971299,-1.5532696877662822,0.010707594437190918,0.05310494446974467,0.0387445851345724,2118,"tags=32%, list=14%, signal=28%",GEMIN8/NUP43/SNUPN/WDR77/NCBP2/SMN1/NUP85/SNRPB/SNRPD1/GEMIN7/NUP35/SNRPF/GEMIN2/SEC13/SNRPD2
REACTOME_RESPONSE_OF_EIF2AK1_HRI_TO_HEME_DEFICIENCY,REACTOME_RESPONSE_OF_EIF2AK1_HRI_TO_HEME_DEFICIENCY,11,-0.7494674203411106,-1.6882390156816214,0.010916334160133209,0.05383062158069789,0.03927402846393236,3324,"tags=82%, list=21%, signal=64%",CHAC1/PPP1R15A/TRIB3/ATF3/ASNS/CEBPG/DDIT3/ATF4/ATF5
REACTOME_PREGNENOLONE_BIOSYNTHESIS,REACTOME_PREGNENOLONE_BIOSYNTHESIS,10,-0.7628916630035278,-1.6597943135158695,0.0109337215071247,0.05383062158069789,0.03927402846393236,2155,"tags=50%, list=14%, signal=43%",TSPO/FDX1/STARD3NL/STARD3/FDXR
REACTOME_ASSEMBLY_AND_CELL_SURFACE_PRESENTATION_OF_NMDA_RECEPTORS,REACTOME_ASSEMBLY_AND_CELL_SURFACE_PRESENTATION_OF_NMDA_RECEPTORS,37,0.5249107304103515,1.5735792700509803,0.011196322813992165,0.05492305264027429,0.040071050071129856,2964,"tags=32%, list=19%, signal=26%",DLG3/CAMK2G/CASK/TUBA1C/CAMK2D/NEFL/APBA1/GRIN1/TUBB3/GRIN2D/NBEA/GRIN2A
REACTOME_MAPK6_MAPK4_SIGNALING,REACTOME_MAPK6_MAPK4_SIGNALING,70,-0.43974764319407456,-1.443359325540746,0.011263361967467139,0.055051722080120186,0.04016492539886261,1225,"tags=21%, list=8%, signal=20%",PSMD6/PSMA6/PSMB5/PSMA3/PSMA1/PSMA5/PSMB1/PSMA2/PSMB4/PSMD14/ADRM1/PSMD13/PSMB6/PSMA7/PSMB3
REACTOME_THYROXINE_BIOSYNTHESIS,REACTOME_THYROXINE_BIOSYNTHESIS,13,-0.7080702738422002,-1.6775516330500377,0.011467946591042081,0.0553548254887296,0.04038606518041604,55,"tags=23%, list=0%, signal=23%",CAV1/SLC5A5/TXNDC11
REACTOME_CREB1_PHOSPHORYLATION_THROUGH_NMDA_RECEPTOR_MEDIATED_ACTIVATION_OF_RAS_SIGNALING,REACTOME_CREB1_PHOSPHORYLATION_THROUGH_NMDA_RECEPTOR_MEDIATED_ACTIVATION_OF_RAS_SIGNALING,23,0.6189914548292563,1.6600792351591187,0.011493829132426083,0.0553548254887296,0.04038606518041604,4452,"tags=65%, list=29%, signal=47%",DLG3/MAPK1/MAPK3/CAMK2G/RASGRF2/CAMK2D/NEFL/GRIN1/RASGRF1/GRIN2D/KRAS/PDPK1/DLG4/CREB1/NRAS
REACTOME_PI_3K_CASCADE_FGFR1,REACTOME_PI_3K_CASCADE_FGFR1,18,0.6438666681258249,1.6327999145072847,0.011542326301761214,0.0553548254887296,0.04038606518041604,3365,"tags=50%, list=22%, signal=39%",PIK3R1/FGF1/PIK3CA/FGF5/FGFR1/PTPN11/FGF2/GAB1/FGF9
REACTOME_NEUREXINS_AND_NEUROLIGINS,REACTOME_NEUREXINS_AND_NEUROLIGINS,53,0.48697625750519047,1.5736322923081314,0.011611431517896892,0.0553548254887296,0.04038606518041604,3397,"tags=43%, list=22%, signal=34%",DLG3/NLGN3/CASK/HOMER2/SYT10/LRRTM1/PDLIM5/NRXN1/SYT1/GRM1/LRRTM2/SHANK2/SYT7/APBA1/GRIN1/DLGAP4/EPB41L3/NLGN2/GRIN2D/DLGAP1/GRIN2A/LRRTM4/STX1A
REACTOME_EXTENSION_OF_TELOMERES,REACTOME_EXTENSION_OF_TELOMERES,49,-0.4919163040114475,-1.5384275835267882,0.011612613501342088,0.0553548254887296,0.04038606518041604,2490,"tags=37%, list=16%, signal=31%",RUVBL1/CDK2/WRAP53/RUVBL2/TEN1/POLD1/DKC1/RFC3/RFC4/PRIM1/SHQ1/POLD4/RFC2/PRIM2/POLA1/RPA3/NOP10/NHP2
REACTOME_SIGNALING_BY_MET,REACTOME_SIGNALING_BY_MET,75,0.4362032574610972,1.4916515489284123,0.011482186375200477,0.0553548254887296,0.04038606518041604,4138,"tags=41%, list=27%, signal=30%",STAM2/CBL/RAB4A/PIK3R1/DOCK7/LAMA2/PIK3CA/LAMB1/PTPRJ/CRKL/STAT3/LAMA3/SRC/LAMA5/RAC1/LAMC2/ITGA3/USP8/PTPN11/RAPGEF1/PTPN2/GAB1/RANBP9/HGS/LAMC3/KRAS/FN1/RANBP10/ITGA2/LAMC1/SH3KBP1
REACTOME_SIGNALING_BY_THE_B_CELL_RECEPTOR_BCR,REACTOME_SIGNALING_BY_THE_B_CELL_RECEPTOR_BCR,90,-0.4198521578412833,-1.4171673254597497,0.011446308955964643,0.0553548254887296,0.04038606518041604,1225,"tags=20%, list=8%, signal=19%",PSMD6/PSMA6/PSMB5/PSMA3/SKP1/PSMA1/PSMA5/PSMB1/PSMA2/PSMB4/PSMD14/ADRM1/PSMD13/PSMB6/PSMA7/PSMB3/NFKB1/BCL10
REACTOME_DOWNSTREAM_SIGNALING_OF_ACTIVATED_FGFR4,REACTOME_DOWNSTREAM_SIGNALING_OF_ACTIVATED_FGFR4,24,0.6094854211771246,1.6382993267251595,0.011715337616776907,0.05564785367969031,0.0405998542316027,3534,"tags=42%, list=23%, signal=32%",PLCG1/PIK3R1/FGF1/PIK3CA/FGF18/PTPN11/FGF2/GAB1/FGF9/KRAS
REACTOME_ION_TRANSPORT_BY_P_TYPE_ATPASES,REACTOME_ION_TRANSPORT_BY_P_TYPE_ATPASES,49,0.4878323457007004,1.5488702308795752,0.012176282713199054,0.05763440484247552,0.04204921269378067,2597,"tags=33%, list=17%, signal=27%",ATP2B4/ATP8B2/CAMK2G/ATP2B3/ATP13A5/CAMK2D/ATP2A1/ATP8A2/ATP13A1/ATP8A1/ATP10A/ATP7A/PDZD11/ATP11C/ATP2B1/ATP11B
REACTOME_TCR_SIGNALING,REACTOME_TCR_SIGNALING,92,-0.41961015082853864,-1.4262087689203304,0.012429152176605198,0.058625616385455985,0.0427723860328519,1396,"tags=23%, list=9%, signal=21%",CDC34/PSMD6/HLA-DQA1/HLA-DQB1/PSMA6/PSMB5/PSMA3/SKP1/PSMA1/PSMA5/PSMB1/PSMA2/PSMB4/PSMD14/ADRM1/PSMD13/PSMB6/PSMA7/PSMB3/NFKB1/BCL10
REACTOME_NEUROTRANSMITTER_RELEASE_CYCLE,REACTOME_NEUROTRANSMITTER_RELEASE_CYCLE,49,0.4869485650464784,1.5460642227130081,0.012482600301772142,0.058672570756413314,0.04280664325016304,2547,"tags=37%, list=16%, signal=31%",DNAJC5/NAAA/CASK/PPFIA2/CPLX1/ABAT/SLC6A1/SLC17A7/SYN2/ALDH5A1/SLC1A1/SYT1/APBA1/GAD2/SYN3/GLS/SLC6A11/SLC22A2
REACTOME_DNA_STRAND_ELONGATION,REACTOME_DNA_STRAND_ELONGATION,32,-0.5439890392902406,-1.534872526965389,0.01252958038584067,0.05868890257117731,0.042818558701611935,2117,"tags=44%, list=14%, signal=38%",MCM7/POLD1/GINS2/MCM3/MCM2/RFC3/RFC4/PRIM1/POLD4/RFC2/CDC45/PRIM2/POLA1/RPA3
REACTOME_DOWNSTREAM_SIGNALING_OF_ACTIVATED_FGFR2,REACTOME_DOWNSTREAM_SIGNALING_OF_ACTIVATED_FGFR2,27,0.5734129399577945,1.6083439947011595,0.012668305637827733,0.0591333712990644,0.04314283653749383,3534,"tags=41%, list=23%, signal=31%",PLCG1/PIK3R1/FGF1/PIK3CA/FGF5/FGF18/PTPN11/FGF2/GAB1/FGF9/KRAS
REACTOME_REGULATION_OF_SIGNALING_BY_CBL,REACTOME_REGULATION_OF_SIGNALING_BY_CBL,19,0.6422147667936361,1.642119560724134,0.012771671045602655,0.05941029048454476,0.04334487269560248,3134,"tags=53%, list=20%, signal=42%",CBL/PIK3R1/FYN/PIK3CD/PIK3CA/CRKL/PIK3R2/RAPGEF1/SYK/PIK3CB
REACTOME_CLEC7A_DECTIN_1_SIGNALING,REACTOME_CLEC7A_DECTIN_1_SIGNALING,81,-0.43678883413174924,-1.4619116810766108,0.01293636932140557,0.05996962960335435,0.0437529582764124,1396,"tags=25%, list=9%, signal=23%",CDC34/PSMD6/PSMA6/PSMB5/PSMA3/SKP1/PYCARD/PSMA1/PSMA5/PSMB1/PSMA2/PSMB4/PSMD14/ADRM1/PSMD13/PSMB6/PSMA7/PSMB3/NFKB1/BCL10
REACTOME_SYNTHESIS_OF_PC,REACTOME_SYNTHESIS_OF_PC,28,0.5735647382122293,1.6241463580695958,0.0130381718430756,0.05997367537364005,0.043755910010809904,1400,"tags=21%, list=9%, signal=20%",SLC44A5/PCYT1B/CSNK2A2/LPIN2/STARD7/LPIN1
REACTOME_BICARBONATE_TRANSPORTERS,REACTOME_BICARBONATE_TRANSPORTERS,10,0.7438869853635128,1.6031910107028775,0.013041566756356739,0.05997367537364005,0.043755910010809904,2958,"tags=70%, list=19%, signal=57%",SLC4A8/SLC4A7/SLC4A4/SLC4A10/SLC4A2/SLC4A1/AHCYL2
REACTOME_MATURATION_OF_DENV_PROTEINS,REACTOME_MATURATION_OF_DENV_PROTEINS,46,-0.48118676704411933,-1.4758944766980366,0.01307061568558204,0.05997367537364005,0.043755910010809904,2888,"tags=43%, list=19%, signal=35%",UBC/XPO1/CALR/SPCS3/DNAJB11/KPNA4/PDIA3/P4HA1/MAGT1/SUMO1/P4HB/DPM2/HSPA5/SEC11A/SPCS2/OSTC/SPCS1/SEC11C/TMEM258/DPM3
REACTOME_SIGNALING_BY_INSULIN_RECEPTOR,REACTOME_SIGNALING_BY_INSULIN_RECEPTOR,79,0.41934073482901724,1.4451378153613623,0.013188138579698394,0.060104050486530856,0.043851029772467985,3613,"tags=34%, list=23%, signal=26%",ATP6V1D/ATP6V1G2/PIK3R1/MAPK1/MAPK3/GAB2/PIK3C3/FGF1/PIK3CA/ATP6V0A1/ATP6V1B2/PTPRF/FGF5/ATP6V0E2/PIK3R2/FGFR1/FGF18/PTPN11/FGFR3/FGF2/PIK3CB/GAB1/FGF9/TLR9/KRAS/PDPK1/IRS1
REACTOME_DISORDERS_OF_TRANSMEMBRANE_TRANSPORTERS,REACTOME_DISORDERS_OF_TRANSMEMBRANE_TRANSPORTERS,151,-0.37889057303710283,-1.3853141568897165,0.013179949764685617,0.060104050486530856,0.043851029772467985,1269,"tags=16%, list=8%, signal=15%",SLC2A1/PSMD6/SLC35A3/PSMA6/PSMB5/PSMA3/SLC35A1/ERLIN1/PSMA1/PSMA5/SLC33A1/NUP85/PSMB1/PSMA2/DERL2/NUP35/PSMB4/PSMD14/ADRM1/PSMD13/SEC13/PSMB6/PSMA7/PSMB3
REACTOME_PKA_MEDIATED_PHOSPHORYLATION_OF_CREB,REACTOME_PKA_MEDIATED_PHOSPHORYLATION_OF_CREB,18,0.6365077331828379,1.6141381807344382,0.01326972437487767,0.06027224977006727,0.04397374549179735,3491,"tags=50%, list=23%, signal=39%",PRKACB/ADCY7/PRKAR2A/ADCY6/PRKAR1B/PRKACA/NBEA/PRKAR1A/ADCY4
REACTOME_TRANSCRIPTIONAL_ACTIVATION_OF_MITOCHONDRIAL_BIOGENESIS,REACTOME_TRANSCRIPTIONAL_ACTIVATION_OF_MITOCHONDRIAL_BIOGENESIS,45,0.5031111929038394,1.5813053544919216,0.013335203047638359,0.06036640574249714,0.044042440302161305,1511,"tags=27%, list=10%, signal=24%",TBL1XR1/NCOA1/TBL1X/ACSS2/ATF2/NCOA2/PPARGC1A/HDAC3/NCOR1/SOD2/HCFC1/CARM1
REACTOME_REGULATION_OF_HOMOTYPIC_CELL_CELL_ADHESION,REACTOME_REGULATION_OF_HOMOTYPIC_CELL_CELL_ADHESION,144,-0.38104126601498817,-1.3892116487142527,0.013736816912606798,0.0619764749669116,0.045217123088496236,1225,"tags=17%, list=8%, signal=16%",PSMD6/EZH2/PSMA6/PSMB5/RBBP4/PSMA3/BANP/SEC11A/PSMA1/PSMA5/PSMB1/PSMA2/SPCS2/PSMB4/PSMD14/ADRM1/PSMD13/PSMB6/PSMA7/OSTC/SPCS1/EED/PSMB3/SEC11C/TMEM258
REACTOME_REGULATION_OF_INSULIN_SECRETION,REACTOME_REGULATION_OF_INSULIN_SECRETION,73,0.43550623150890255,1.4783500217731396,0.013816995301366089,0.06213042220514285,0.04532944072553436,3462,"tags=36%, list=22%, signal=28%",GNG2/AHCYL1/PRKACB/GNG3/ACSL3/ITPR2/GNAQ/CACNB2/GNAS/ACSL4/PRKAR2A/ADCY6/PRKAR1B/GNA11/PRKCA/PRKACA/KCNC2/AKAP5/GNB1/CD36/PRKAR1A/GNAI2/IQGAP1/PLCB1/STX1A/CACNB3
REACTOME_NOTCH_HLH_TRANSCRIPTION_PATHWAY,REACTOME_NOTCH_HLH_TRANSCRIPTION_PATHWAY,26,0.5900210512691585,1.619234204947998,0.01416686087211473,0.06293272623516113,0.04591478992616414,1222,"tags=35%, list=8%, signal=32%",TBL1XR1/TBL1X/HDAC1/HDAC6/KAT2A/KAT2B/HDAC3/NCOR1/NOTCH2
REACTOME_UNBLOCKING_OF_NMDA_RECEPTORS_GLUTAMATE_BINDING_AND_ACTIVATION,REACTOME_UNBLOCKING_OF_NMDA_RECEPTORS_GLUTAMATE_BINDING_AND_ACTIVATION,20,0.6216278513223749,1.6118103759043545,0.01418202281355744,0.06293272623516113,0.04591478992616414,2964,"tags=40%, list=19%, signal=32%",DLG3/CAMK2G/GRIA3/CAMK2D/NEFL/GRIN1/GRIN2D/GRIN2A
REACTOME_FREE_FATTY_ACIDS_REGULATE_INSULIN_SECRETION,REACTOME_FREE_FATTY_ACIDS_REGULATE_INSULIN_SECRETION,10,0.7418163584783357,1.5987284908925417,0.014109285657445252,0.06293272623516113,0.04591478992616414,3238,"tags=60%, list=21%, signal=47%",ACSL3/GNAQ/ACSL4/GNA11/CD36/PLCB1
REACTOME_MECHANICAL_LOAD_ACTIVATES_SIGNALING_BY_PIEZO1_AND_INTEGRINS_IN_OSTEOCYTES,REACTOME_MECHANICAL_LOAD_ACTIVATES_SIGNALING_BY_PIEZO1_AND_INTEGRINS_IN_OSTEOCYTES,17,0.640477284485391,1.5736795029976587,0.014076047661396045,0.06293272623516113,0.04591478992616414,3970,"tags=53%, list=26%, signal=39%",CACNB2/CACNA2D1/PIEZO1/CACNB1/AKT1/ITGB3/ITGAV/CACNB3/HSPG2
REACTOME_HDACS_DEACETYLATE_HISTONES,REACTOME_HDACS_DEACETYLATE_HISTONES,32,0.5395466278667798,1.5708250893892368,0.014515015889600481,0.06419920142646246,0.04683879156782209,1780,"tags=38%, list=12%, signal=33%",TBL1XR1/MTA3/TBL1X/HDAC1/CHD4/MTA1/REST/HDAC3/NCOR1/RBBP7/RCOR1/GATAD2B
REACTOME_GENE_SILENCING_BY_RNA,REACTOME_GENE_SILENCING_BY_RNA,46,-0.47804136652087775,-1.4662469145097154,0.01499057401177329,0.0658706330354468,0.04805824344593872,1202,"tags=28%, list=8%, signal=26%",PRKRA/POLR2G/TARBP2/POLR2H/POLR2C/POLR2E/POLR2F/RAN/POLR2D/POLR2L/POLR2K/POLR2J/POLR2I
REACTOME_P75_NTR_RECEPTOR_MEDIATED_SIGNALLING,REACTOME_P75_NTR_RECEPTOR_MEDIATED_SIGNALLING,91,0.40497962887175853,1.4388885283524564,0.014966387226782625,0.0658706330354468,0.04805824344593872,2859,"tags=35%, list=18%, signal=29%",ARHGEF11/HDAC1/ARHGEF26/NET1/AATF/GNA13/TIAM1/RASGRF2/HDAC3/NCSTN/ABR/PRDM4/AKAP13/ARHGEF12/FGD1/ARHGDIA/ITSN1/RTN4/ARHGEF17/RAC1/OMG/MAPK8/ARHGEF2/LINGO1/PRKCI/RHOA/BCL2L11/CASP3/KALRN/ARHGEF6/TRAF6/ARHGEF4
REACTOME_HS_GAG_DEGRADATION,REACTOME_HS_GAG_DEGRADATION,19,0.632899367435764,1.6183004268572942,0.015435670051661762,0.06738743980482756,0.04916488331903849,4300,"tags=58%, list=28%, signal=42%",IDUA/SDC3/HGSNAT/SGSH/GPC6/GPC4/IDS/SDC2/GPC1/HSPG2/SDC4
REACTOME_DEATH_RECEPTOR_SIGNALING,REACTOME_DEATH_RECEPTOR_SIGNALING,142,0.3754169424819582,1.403616725644105,0.015431855199370724,0.06738743980482756,0.04916488331903849,2859,"tags=30%, list=18%, signal=24%",ARHGEF11/UBE2L3/HDAC1/TAB3/ARHGEF26/NET1/AATF/CYLD/GNA13/IKBKG/TIAM1/RASGRF2/USP4/HDAC3/NCSTN/ABR/PRDM4/AKAP13/ARHGEF12/FGD1/ARHGDIA/ITSN1/RTN4/ARHGEF17/CASP8/RAC1/ULK1/OMG/MAPK8/ARHGEF2/LINGO1/PRKCI/RHOA/BCL2L11/CASP3/KALRN/NSMAF/BAG4/ARHGEF6/BIRC3/TRAF6/ARHGEF4
REACTOME_STAT3_NUCLEAR_EVENTS_DOWNSTREAM_OF_ALK_SIGNALING,REACTOME_STAT3_NUCLEAR_EVENTS_DOWNSTREAM_OF_ALK_SIGNALING,11,0.7359197475261895,1.6340110448638652,0.015596869146594016,0.06787153702824299,0.049518073521444494,1753,"tags=45%, list=11%, signal=40%",HDAC1/HIF1A/HDAC3/STAT3/SIN3A
REACTOME_CELL_DEATH_SIGNALLING_VIA_NRAGE_NRIF_AND_NADE,REACTOME_CELL_DEATH_SIGNALLING_VIA_NRAGE_NRIF_AND_NADE,70,0.424035759617895,1.4284888454624138,0.015916625432544695,0.0690402820209093,0.05037077264995529,2859,"tags=33%, list=18%, signal=27%",ARHGEF11/ARHGEF26/NET1/AATF/GNA13/TIAM1/RASGRF2/NCSTN/ABR/AKAP13/ARHGEF12/FGD1/ITSN1/ARHGEF17/RAC1/MAPK8/ARHGEF2/BCL2L11/CASP3/KALRN/ARHGEF6/TRAF6/ARHGEF4
REACTOME_NOTCH1_INTRACELLULAR_DOMAIN_REGULATES_TRANSCRIPTION,REACTOME_NOTCH1_INTRACELLULAR_DOMAIN_REGULATES_TRANSCRIPTION,42,0.4882597303821338,1.508281947412123,0.016777090649043622,0.07253940796653797,0.0529236833902017,1098,"tags=24%, list=7%, signal=22%",TBL1XR1/TBL1X/HDAC1/FBXW7/HIF1A/HDAC6/KAT2A/KAT2B/HDAC3/NCOR1
REACTOME_PI_3K_CASCADE_FGFR2,REACTOME_PI_3K_CASCADE_FGFR2,20,0.6162490037490327,1.5978636354057136,0.016850656294942364,0.07262471355232347,0.05298592108885526,3365,"tags=45%, list=22%, signal=35%",PIK3R1/FGF1/PIK3CA/FGF5/FGF18/PTPN11/FGF2/GAB1/FGF9
REACTOME_STRIATED_MUSCLE_CONTRACTION,REACTOME_STRIATED_MUSCLE_CONTRACTION,32,0.5335473567986837,1.5533589335000388,0.01690574982614965,0.07263011629132445,0.05298986284763634,2665,"tags=44%, list=17%, signal=36%",TMOD2/DMD/ACTA1/DES/MYBPC2/MYL1/TTN/TNNC1/MYBPC1/TNNC2/TPM3/TNNT3/TMOD4/NEB
REACTOME_DEADENYLATION_DEPENDENT_MRNA_DECAY,REACTOME_DEADENYLATION_DEPENDENT_MRNA_DECAY,43,-0.5068613910482981,-1.5393493260468682,0.01706059268513399,0.07283145421596758,0.05313675603131339,1780,"tags=35%, list=12%, signal=31%",CNOT6/EXOSC8/NT5C3B/DCPS/EXOSC3/PAN3/EXOSC7/PAIP1/EXOSC4/LSM6/LSM2/LSM5/LSM4/LSM7/LSM1
REACTOME_TP53_REGULATES_METABOLIC_GENES,REACTOME_TP53_REGULATES_METABOLIC_GENES,75,-0.426550200618873,-1.4120955866364264,0.01701370945712332,0.07283145421596758,0.05313675603131339,1921,"tags=27%, list=12%, signal=23%",COX4I2/TXN/COX6A1/COX8A/PRDX1/PRDX2/COX4I1/NDUFA4/COX7A2/PRDX5/LAMTOR1/COX7B/CYCS/SCO2/LAMTOR5/LAMTOR3/COX5A/COX6B1/LAMTOR2/LAMTOR4
REACTOME_TELOMERE_EXTENSION_BY_TELOMERASE,REACTOME_TELOMERE_EXTENSION_BY_TELOMERASE,22,-0.5931065126820457,-1.5791425848973686,0.01711863213411173,0.07284869005967422,0.05314933104896055,2490,"tags=36%, list=16%, signal=31%",RUVBL1/CDK2/WRAP53/RUVBL2/DKC1/SHQ1/NOP10/NHP2
REACTOME_ROLE_OF_SECOND_MESSENGERS_IN_NETRIN_1_SIGNALING,REACTOME_ROLE_OF_SECOND_MESSENGERS_IN_NETRIN_1_SIGNALING,10,0.7323130941723275,1.578247492827653,0.017321464985809068,0.07307614714293678,0.05331528038597471,833,"tags=30%, list=5%, signal=28%",PITPNA/PLCG1/TRPC5
REACTOME_GABA_RECEPTOR_ACTIVATION,REACTOME_GABA_RECEPTOR_ACTIVATION,57,0.4470075966751435,1.464585234972481,0.01733459383672333,0.07307614714293678,0.05331528038597471,1552,"tags=19%, list=10%, signal=17%",GNG2/GABRB1/GABBR1/GNG3/GABRB3/ADCY7/KCNJ16/GABBR2/KCNJ10/ADCY6/GABRB2
REACTOME_G_ALPHA_12_13_SIGNALLING_EVENTS,REACTOME_G_ALPHA_12_13_SIGNALLING_EVENTS,77,0.419202042675162,1.4389576532581438,0.017287390367381476,0.07307614714293678,0.05331528038597471,1495,"tags=19%, list=10%, signal=18%",GNG2/ARHGEF11/GNG3/ARHGEF26/NET1/ADRA1A/GNA13/TIAM1/RASGRF2/ABR/AKAP13/ARHGEF12/ADRA1B/FGD1/ITSN1
REACTOME_FGFR3_LIGAND_BINDING_AND_ACTIVATION,REACTOME_FGFR3_LIGAND_BINDING_AND_ACTIVATION,11,0.7282719631802292,1.6170301659948805,0.017716769326869913,0.0737866545852816,0.053833656148599966,3365,"tags=64%, list=22%, signal=50%",FGF1/FGF5/GALNT3/FGF18/FGFR3/FGF2/FGF9
REACTOME_SIGNALING_BY_EGFR_IN_CANCER,REACTOME_SIGNALING_BY_EGFR_IN_CANCER,21,0.5927411447258468,1.5620929500045104,0.0176642288449363,0.0737866545852816,0.053833656148599966,928,"tags=24%, list=6%, signal=22%",CBL/EGFR/PLCG1/PIK3R1/PIK3CA
REACTOME_RNA_POLYMERASE_III_TRANSCRIPTION_TERMINATION,REACTOME_RNA_POLYMERASE_III_TRANSCRIPTION_TERMINATION,23,-0.5769511588396593,-1.5498948321773218,0.017776621749604534,0.0737866545852816,0.053833656148599966,1336,"tags=43%, list=9%, signal=40%",POLR3GL/POLR3E/POLR2H/POLR2E/POLR3H/POLR2F/POLR2L/POLR2K/POLR1C/POLR1D
REACTOME_ACTIVATION_OF_THE_PRE_REPLICATIVE_COMPLEX,REACTOME_ACTIVATION_OF_THE_PRE_REPLICATIVE_COMPLEX,32,-0.5290183444970995,-1.4926325065091748,0.017732447628960358,0.0737866545852816,0.053833656148599966,2399,"tags=59%, list=16%, signal=50%",POLE3/ORC3/ORC6/RPA2/CDC6/DBF4/CDK2/MCM7/MCM3/MCM2/CDT1/PRIM1/GMNN/POLE4/CDC45/ORC4/PRIM2/POLA1/RPA3
REACTOME_CHROMATIN_ORGANIZATION,REACTOME_CHROMATIN_ORGANIZATION,201,0.3387793040993162,1.3095681540346358,0.01759134448373104,0.0737866545852816,0.053833656148599966,2255,"tags=24%, list=15%, signal=21%",TBL1XR1/NCOA1/TADA2B/SUPT7L/SMARCA2/MTA3/TBL1X/USP22/HDAC1/SS18L1/ATF2/NCOA2/TADA2A/ARID1A/ARID1B/ASH1L/CHD4/KAT2A/MTA1/REST/PRMT6/BCL7A/TRRAP/MORF4L1/KAT2B/MEAF6/HDAC3/NCOR1/SUV39H1/KANSL3/JADE2/RBBP7/HCFC1/CARM1/NSD1/ING5/BRD7/RCOR1/KDM4D/CCND1/GATAD2B/SMARCC1/CLOCK/KAT6A/ARID2/PRDM16/SETD6/ARID5B/ATXN7L3
REACTOME_SYNTHESIS_OF_PIPS_AT_THE_GOLGI_MEMBRANE,REACTOME_SYNTHESIS_OF_PIPS_AT_THE_GOLGI_MEMBRANE,17,0.6247404064919336,1.5350133349080648,0.018061698532211165,0.07451141076438184,0.054362427579647314,1905,"tags=29%, list=12%, signal=26%",OCRL/PIK3C3/PIKFYVE/PI4KA/INPP5E
REACTOME_ATTACHMENT_AND_ENTRY,REACTOME_ATTACHMENT_AND_ENTRY,17,0.6234531793275837,1.5318505638726065,0.018061698532211165,0.07451141076438184,0.054362427579647314,4300,"tags=59%, list=28%, signal=43%",ACE2/SDC3/GPC6/GPC4/SDC2/NRP1/GPC1/HSPG2/VCP/SDC4
REACTOME_PYRUVATE_METABOLISM,REACTOME_PYRUVATE_METABOLISM,43,0.5005730459478104,1.555569742305447,0.018203862392102452,0.07486893404556771,0.05462327129851025,2778,"tags=35%, list=18%, signal=29%",GID8/WDR26/PDHA1/PDK1/PDK4/PDK3/ME2/PDPR/ME1/PDK2/DLAT/GSTZ1/RMND5A/ME3/PGAM5
REACTOME_GLYCOGEN_METABOLISM,REACTOME_GLYCOGEN_METABOLISM,21,0.5892217289629454,1.5528179830138087,0.018278621580571044,0.07494790429237186,0.05468088682717622,851,"tags=29%, list=5%, signal=27%",PHKA2/PHKA1/AGL/PGM1/GBE1/GYS1
REACTOME_RUNX2_REGULATES_OSTEOBLAST_DIFFERENTIATION,REACTOME_RUNX2_REGULATES_OSTEOBLAST_DIFFERENTIATION,24,0.5903961889313704,1.5869873916906532,0.018420726868274038,0.0753016986221263,0.054939009958010286,1800,"tags=38%, list=12%, signal=33%",MAPK1/MAPK3/HDAC6/AR/HDAC3/UCMA/SRC/ABL1/RB1
REACTOME_SIGNALING_BY_LTK,REACTOME_SIGNALING_BY_LTK,10,0.7302888236096058,1.5738848780309982,0.01854773244096231,0.07559181589987359,0.055150675249800475,3613,"tags=50%, list=23%, signal=38%",PIK3R1/PIK3CA/PIK3R2/PIK3CB/IRS1
REACTOME_ONCOGENIC_MAPK_SIGNALING,REACTOME_ONCOGENIC_MAPK_SIGNALING,74,0.4264843717883105,1.4599169462077473,0.018740397283659158,0.07614697570980784,0.05555571166842521,4164,"tags=47%, list=27%, signal=35%",BRAF/ATG7/NF1/MAPK1/MAPK3/CAMK2G/BRAP/VCL/TRIM24/DUSP16/SRC/FAM131B/SHOC2/CAMK2D/DUSP8/QKI/TRAK1/BCL2L11/SPRED3/CLCN6/CNKSR2/SPRED1/ITGB3/DUSP10/MAP2K2/IQGAP1/MRAS/KDM7A/KRAS/FN1/YWHAB/DUSP9/JAK2/APBB1IP/AGTRAP
REACTOME_RNA_POLYMERASE_III_CHAIN_ELONGATION,REACTOME_RNA_POLYMERASE_III_CHAIN_ELONGATION,18,-0.6137457611986364,-1.5507562448133696,0.018842656919177907,0.07633256511703002,0.05569111496580162,1858,"tags=56%, list=12%, signal=49%",POLR3GL/POLR3E/POLR2H/POLR2E/POLR3H/POLR2F/POLR2L/POLR2K/POLR1C/POLR1D
REACTOME_ACYL_CHAIN_REMODELLING_OF_PS,REACTOME_ACYL_CHAIN_REMODELLING_OF_PS,17,0.6208058299934264,1.5253459157213685,0.019020702371235255,0.07682313622394119,0.056049028418231846,1947,"tags=29%, list=13%, signal=26%",PLA2G5/LPCAT3/OSBPL5/OSBPL10/PLA2G4E
REACTOME_MECP2_REGULATES_NEURONAL_RECEPTORS_AND_CHANNELS,REACTOME_MECP2_REGULATES_NEURONAL_RECEPTORS_AND_CHANNELS,18,0.6144205255487422,1.5581265986445751,0.01972679966306326,0.07943717237454428,0.057956190683312335,2034,"tags=33%, list=13%, signal=29%",HDAC1/MECP2/FKBP5/SIN3A/GPRIN1/PTPN4
REACTOME_DARPP_32_EVENTS,REACTOME_DARPP_32_EVENTS,21,0.5864817753448468,1.545597188121713,0.019814605449318155,0.07955328199741128,0.05804090255361051,3173,"tags=57%, list=21%, signal=45%",PRKACB/PPP3CB/PPP3CC/PRKAR2A/PPP3R1/PRKAR1B/PRKACA/PPP2R1A/PPP2CB/PDE4B/PRKAR1A/PDE4A
REACTOME_SIGNALING_BY_PDGFR_IN_DISEASE,REACTOME_SIGNALING_BY_PDGFR_IN_DISEASE,19,0.6227894687848915,1.592449787491864,0.020000227205703273,0.07987074551233612,0.05827251925717629,1935,"tags=37%, list=13%, signal=32%",PDGFRA/PIK3R1/KDR/PIK3CA/STAT3/KANK1/PIK3R2
REACTOME_SEPARATION_OF_SISTER_CHROMATIDS,REACTOME_SEPARATION_OF_SISTER_CHROMATIDS,156,-0.3648294269150693,-1.3365376158050126,0.0200120919074645,0.07987074551233612,0.05827251925717629,2150,"tags=22%, list=14%, signal=19%",SKA2/CENPC/NUP43/NUF2/SPC24/DYNLL1/PMF1/UBE2E1/ANAPC16/CENPQ/PSMD6/MAD2L1/PSMA6/PSMB5/PSMA3/STAG1/PSMA1/PSMA5/CDC26/NUP85/PSMB1/PSMA2/HDAC8/PSMB4/PSMD14/ANAPC11/ADRM1/PSMD13/SEC13/PSMB6/B9D2/PSMA7/PSMB3/KIF18A
REACTOME_SIGNALING_BY_TGFBR3,REACTOME_SIGNALING_BY_TGFBR3,43,0.4913455184293758,1.5268944815814323,0.020651386334678445,0.08216020348270894,0.05994287406369854,3103,"tags=40%, list=20%, signal=32%",TGFB2/TIMP2/MMP14/TGFBR2/NCSTN/AGO2/AGO1/HELLS/SMAD3/TGFBR3/ACVR2A/TGFBR1/SP1/FGF2/MMP16/GIPC1/MOV10
REACTOME_ORGANELLE_BIOGENESIS_AND_MAINTENANCE,REACTOME_ORGANELLE_BIOGENESIS_AND_MAINTENANCE,244,0.3209107089233415,1.2672351502782482,0.02070753831291404,0.08216020348270894,0.05994287406369854,2979,"tags=27%, list=19%, signal=23%",TBL1XR1/NCOA1/CSNK1E/WDR19/TBL1X/CLASP1/TTC21B/ACSS2/ATF2/DYNC2H1/NCOA2/PRKAB2/KIF3C/PPARGC1A/MARK4/HDAC6/PAFAH1B1/IFT140/CNTRL/CKAP5/TTBK2/TUBA1C/HDAC3/PRKAA2/NCOR1/NPHP3/NPHP1/ASAP1/GBF1/SOD2/BBS1/KIF3B/HCFC1/CARM1/EXOC1/CC2D2A/WDR35/INPP5E/RAB3IP/TCTN2/C2CD3/YWHAG/PLK4/MEF2D/TCP1/CEP97/RAB11FIP3/IFT52/PRKACA/EXOC2/AHI1/ALMS1/BBS4/PPP2R1A/TUBB3/NEK2/APOO/KIFAP3/EXOC4/HAUS5/CRTC1/MED1/IFT88/EXOC6/CEP70/ATAT1/NR1D1
REACTOME_BASE_EXCISION_REPAIR,REACTOME_BASE_EXCISION_REPAIR,44,-0.4865053427527751,-1.4791831430943307,0.020803438554207958,0.08229864694905142,0.06004388037717068,2014,"tags=30%, list=13%, signal=26%",POLD1/MUTYH/POLB/RFC3/RFC4/POLD4/NTHL1/RFC2/POLE4/NEIL1/PNKP/SMUG1/RPA3
REACTOME_VISUAL_PHOTOTRANSDUCTION,REACTOME_VISUAL_PHOTOTRANSDUCTION,83,0.41921603579869965,1.4545281461929882,0.021161650995214783,0.0834709567033472,0.06089918030324968,5448,"tags=46%, list=35%, signal=30%",LRP8/NMT2/PRKCQ/LRP2/LDLR/NMT1/SDC3/RDH16/METAP1/LRP1/PRKCA/GPC6/GPC4/SDC2/GRK4/GNB1/CYP4V2/LPL/RETSAT/RDH12/GPC1/ABCA4/RGS9/HSPG2/CAMKMT/SDC4/METAP2/LRP12/OPN1LW/AKR1B10/SDR9C7/PPEF1/TTR/RDH11/DHRS3/SLC24A1/RGS9BP/APOB
REACTOME_SIGNALING_BY_ERYTHROPOIETIN,REACTOME_SIGNALING_BY_ERYTHROPOIETIN,24,0.5861619348904501,1.5756056993590708,0.02130390332617973,0.08378707168226372,0.06112981313481064,4452,"tags=58%, list=29%, signal=42%",PLCG1/PIK3R1/PIK3CD/PIK3CA/CRKL/PLCG2/RAPGEF1/PIK3CB/GAB1/KRAS/JAK2/IRS2/PIK3R5/NRAS
REACTOME_MUCOPOLYSACCHARIDOSES,REACTOME_MUCOPOLYSACCHARIDOSES,11,0.7194473433336726,1.5974362818186914,0.021956586667703965,0.08596385982858877,0.06271796569757754,3841,"tags=82%, list=25%, signal=62%",ARSB/GLB1/IDUA/GNS/HGSNAT/SGSH/IDS/GALNS/GUSB
REACTOME_BETA_CATENIN_INDEPENDENT_WNT_SIGNALING,REACTOME_BETA_CATENIN_INDEPENDENT_WNT_SIGNALING,124,-0.3793575288663627,-1.3447016070405546,0.021984827013241753,0.08596385982858877,0.06271796569757754,1330,"tags=20%, list=9%, signal=19%",WNT5B/PSMD6/AP2S1/ROR1/PSMA6/PSMB5/GNGT2/PSMA3/PSMA1/PSMA5/PSMB1/GNG13/PSMA2/CLTA/PSMB4/PSMD14/ADRM1/PSMD13/PARD6A/DVL2/PSMB6/PSMA7/GNG5/GNG11/PSMB3
REACTOME_CLASS_C_3_METABOTROPIC_GLUTAMATE_PHEROMONE_RECEPTORS,REACTOME_CLASS_C_3_METABOTROPIC_GLUTAMATE_PHEROMONE_RECEPTORS,15,0.6626469115678126,1.555588806178164,0.02223022347619918,0.0866721718768575,0.06323473973302779,1576,"tags=27%, list=10%, signal=24%",GABBR1/CASR/GABBR2/GRM1
REACTOME_TRANSCRIPTIONAL_REGULATION_BY_RUNX1,REACTOME_TRANSCRIPTIONAL_REGULATION_BY_RUNX1,150,-0.3596790171941182,-1.3194605113471307,0.02246800983790571,0.08725423186883476,0.06365940212817331,1670,"tags=19%, list=11%, signal=17%",PRMT1/SOCS4/MNAT1/SMARCE1/SETD1A/SMARCB1/PSMD6/PSMA6/PSMB5/DPY30/PSMA3/PSMA1/PSMA5/PSMB1/ELF2/PSMA2/CCNH/PSMB4/PSMD14/ADRM1/PSMD13/RING1/PSMB6/PSMA7/CTSK/CBX8/PSMB3/ACTL6A
REACTOME_DISEASES_OF_SIGNAL_TRANSDUCTION_BY_GROWTH_FACTOR_RECEPTORS_AND_SECOND_MESSENGERS,REACTOME_DISEASES_OF_SIGNAL_TRANSDUCTION_BY_GROWTH_FACTOR_RECEPTORS_AND_SECOND_MESSENGERS,415,0.2955645393424984,1.2287399849382041,0.022508875233769085,0.08725423186883476,0.06365940212817331,3191,"tags=29%, list=21%, signal=24%",TBL1XR1/PDGFRA/BRAF/KIT/MAPK9/TBL1X/CBL/EGFR/HDAC1/PLCG1/FBXW7/CASP9/MECP2/ATG7/PIK3R1/NF1/FYN/MAPK1/MAPK3/CAMK2G/HDAC6/RICTOR/TNKS/KDR/KAT2A/SPTBN1/ERBB4/MTOR/GAB2/BRAP/CNTRL/VCL/SMAD2/PIK3CD/NTRK2/PPP2R5E/FGF1/PIK3CA/TSC2/POLR2A/KAT2B/HDAC3/TGFBR2/NCSTN/PTEN/TRIM24/DKK2/NCOR1/STAT3/GSK3A/GSK3B/MIB1/AGO2/DUSP16/PDGFRB/AGO1/BIRC6/LRRFIP1/SRC/FAM131B/LRP5/SHOC2/CAMK2D/SEC31A/DUSP8/FGF5/KANK1/NRG3/SMAD3/RNF213/EML4/RB1/CLTC/RAC1/PIK3R2/TNKS2/PORCN/FZD8/ALK/QKI/MAPK8/PIK3AP1/FGFR1/APC/HDAC4/FZD4/TRAK1/TPM3/BCL2L11/SPRED3/TGFBR1/CLCN6/PPP2R1A/RBPJ/HDAC11/PPP2CB/BAG4/NRG4/CTBP2/FGF18/CNKSR2/PTPN11/AKT1/JUN/FOXO1/FGFR3/ERLEC1/FGF2/TPR/SPRED1/ITGB3/DUSP10/CSNK1A1/MAP2K2/ZMYM2/MOV10/AMER1/PRKAR1A/PIK3CB/TP53/IQGAP1/MRAS
REACTOME_RESOLUTION_OF_ABASIC_SITES_AP_SITES,REACTOME_RESOLUTION_OF_ABASIC_SITES_AP_SITES,37,-0.5004929262306641,-1.4638768774608468,0.022584973000074903,0.08729836268510328,0.06369159932158056,2014,"tags=35%, list=13%, signal=31%",POLD1/MUTYH/POLB/RFC3/RFC4/POLD4/NTHL1/RFC2/POLE4/NEIL1/PNKP/SMUG1/RPA3
REACTOME_INFECTION_WITH_MYCOBACTERIUM_TUBERCULOSIS,REACTOME_INFECTION_WITH_MYCOBACTERIUM_TUBERCULOSIS,23,0.5825520514078101,1.562352042821358,0.022786877760180162,0.08782713742423726,0.0640773855812585,1994,"tags=43%, list=13%, signal=38%",KPNB1/RAB5A/MAPK1/MAPK3/KPNA1/GSK3A/DUSP16/RAB7A/RNF213/VPS33B
REACTOME_PTEN_REGULATION,REACTOME_PTEN_REGULATION,120,-0.3807366985240913,-1.3458636959963803,0.022963627701977157,0.08825622156685807,0.06439043905037829,1225,"tags=21%, list=8%, signal=19%",PSMD6/EZH2/PSMA6/PSMB5/RBBP4/PSMA3/PSMA1/PSMA5/PSMB1/LAMTOR1/PSMA2/PSMB4/LAMTOR5/PSMD14/LAMTOR3/ADRM1/PSMD13/RING1/PSMB6/PSMA7/LAMTOR2/LAMTOR4/EED/CBX8/PSMB3
REACTOME_SIGNALING_BY_ERBB2_ECD_MUTANTS,REACTOME_SIGNALING_BY_ERBB2_ECD_MUTANTS,15,0.6611921290757923,1.5521736489948965,0.02320379297909013,0.08892589979770621,0.06487902642179806,928,"tags=27%, list=6%, signal=25%",EGFR/PLCG1/PIK3R1/PIK3CA
REACTOME_SEMA3A_PAK_DEPENDENT_AXON_REPULSION,REACTOME_SEMA3A_PAK_DEPENDENT_AXON_REPULSION,16,0.6368021235909154,1.5316684438105803,0.02347738920745835,0.08971954119224168,0.06545805549119892,4239,"tags=81%, list=27%, signal=59%",PLXNA4/FYN/PAK3/RAC1/CFL1/PLXNA2/PAK1/PLXNA1/LIMK1/NRP1/PAK2/FES/SEMA3A
REACTOME_FACTORS_INVOLVED_IN_MEGAKARYOCYTE_DEVELOPMENT_AND_PLATELET_PRODUCTION,REACTOME_FACTORS_INVOLVED_IN_MEGAKARYOCYTE_DEVELOPMENT_AND_PLATELET_PRODUCTION,120,0.3768146528690193,1.3779685224455682,0.02433573015643479,0.09273700559613143,0.06765955306650767,2706,"tags=28%, list=17%, signal=24%",PRKACB/DOCK9/HDAC1/MFN2/RAB5A/DOCK7/KIF3C/DOCK3/AK3/CABLES2/CAPZB/TUBA1C/CAPZA2/PRKAR2A/EHD3/ABL1/KIF3B/SH2B2/KIF1A/KIF2A/RCOR1/SIN3A/PRKAR1B/CBX5/RAC1/MAFK/DOCK2/KIF16B/PRKACA/EHD1/KIF1B/TUBB3/KIFAP3/GATA2
REACTOME_RAS_ACTIVATION_UPON_CA2_INFLUX_THROUGH_NMDA_RECEPTOR,REACTOME_RAS_ACTIVATION_UPON_CA2_INFLUX_THROUGH_NMDA_RECEPTOR,19,0.6057386391696435,1.5488514426927165,0.024724602021134627,0.09395348768031157,0.06854708047371647,2634,"tags=42%, list=17%, signal=35%",DLG3/CAMK2G/RASGRF2/CAMK2D/NEFL/GRIN1/RASGRF1/GRIN2D
REACTOME_SIGNAL_ATTENUATION,REACTOME_SIGNAL_ATTENUATION,10,0.7175551975931954,1.5464419530103575,0.024985660647414157,0.09467880958809466,0.06907626465207639,432,"tags=20%, list=3%, signal=19%",MAPK1/MAPK3
REACTOME_COPI_INDEPENDENT_GOLGI_TO_ER_RETROGRADE_TRAFFIC,REACTOME_COPI_INDEPENDENT_GOLGI_TO_ER_RETROGRADE_TRAFFIC,44,0.47848578162745864,1.498959457055095,0.026143495433544658,0.09878872644216175,0.07207479944084995,2675,"tags=36%, list=17%, signal=30%",AGPAT3/RAB6B/PAFAH1B1/CAPZB/TUBA1C/CAPZA2/DYNC1I1/PLA2G6/RAB6A/RAB3GAP2/GALNT1/RAB3GAP1/DCTN5/TUBB3/BICD1/DCTN4
REACTOME_RECYCLING_OF_BILE_ACIDS_AND_SALTS,REACTOME_RECYCLING_OF_BILE_ACIDS_AND_SALTS,13,0.6749387194920186,1.52557525826581,0.026726890146639818,0.1004305704953123,0.07327266467411883,1362,"tags=23%, list=9%, signal=21%",NCOA1/NCOA2/ABCC3
REACTOME_GLYCOGEN_BREAKDOWN_GLYCOGENOLYSIS,REACTOME_GLYCOGEN_BREAKDOWN_GLYCOGENOLYSIS,13,0.6749284607406648,1.5255520702388172,0.026726890146639818,0.1004305704953123,0.07327266467411883,193,"tags=31%, list=1%, signal=30%",PHKA2/PHKA1/AGL/PGM1
REACTOME_KEAP1_NFE2L2_PATHWAY,REACTOME_KEAP1_NFE2L2_PATHWAY,105,-0.3921076028975025,-1.3594925418612358,0.026934864367954198,0.10093092231213947,0.07363771398841279,1320,"tags=20%, list=9%, signal=18%",PRDX1/MUL1/PSMD6/BACH1/PSMA6/PSMB5/PSMA3/SKP1/PSMA1/PSMA5/PSMB1/PSMA2/PSMB4/PSMD14/ADRM1/ATF4/PSMD13/PSMB6/PSMA7/PSMB3/NFKB1
REACTOME_GROWTH_HORMONE_RECEPTOR_SIGNALING,REACTOME_GROWTH_HORMONE_RECEPTOR_SIGNALING,21,0.5671901107101796,1.4947564904785569,0.02718735424421292,0.10159485007047986,0.07412210589980779,1586,"tags=29%, list=10%, signal=26%",MAPK1/MAPK3/SOCS2/STAT3/PRLR/GHR
REACTOME_RAC3_GTPASE_CYCLE,REACTOME_RAC3_GTPASE_CYCLE,89,0.3915164782892656,1.38442290796955,0.02739063089830658,0.10207171569562315,0.07447002003465152,2049,"tags=22%, list=13%, signal=20%",OCRL/PIK3R1/CYFIP1/AMIGO2/ABI2/SLITRK3/ABI1/ARHGAP35/ARHGAP1/FERMT2/TIAM1/ABR/NCKAP1/RAB7A/NHS/ARHGAP15/ABL2/SLITRK5/PIK3R2/ARHGAP17
REACTOME_AQUAPORIN_MEDIATED_TRANSPORT,REACTOME_AQUAPORIN_MEDIATED_TRANSPORT,47,0.4734892500201026,1.500324286826838,0.027488069410435773,0.10215263260241834,0.07452905581776845,1349,"tags=21%, list=9%, signal=19%",GNG2/PRKACB/GNG3/AQP11/ADCY7/GNAS/AQP1/RAB11FIP2/PRKAR2A/ADCY6
REACTOME_SIGNALING_BY_PDGFRA_TRANSMEMBRANE_JUXTAMEMBRANE_AND_KINASE_DOMAIN_MUTANTS,REACTOME_SIGNALING_BY_PDGFRA_TRANSMEMBRANE_JUXTAMEMBRANE_AND_KINASE_DOMAIN_MUTANTS,12,0.6863427388821202,1.5483327170062193,0.02763153646169758,0.10240368870008253,0.07471222264802556,1935,"tags=42%, list=13%, signal=36%",PDGFRA/PIK3R1/PIK3CA/STAT3/PIK3R2
REACTOME_PHOSPHOLIPASE_C_MEDIATED_CASCADE_FGFR4,REACTOME_PHOSPHOLIPASE_C_MEDIATED_CASCADE_FGFR4,12,0.6853139690429124,1.5460118969405638,0.027936854217136764,0.10325155161347259,0.07533081093878262,3365,"tags=42%, list=22%, signal=33%",PLCG1/FGF1/FGF18/FGF2/FGF9
REACTOME_FLT3_SIGNALING_IN_DISEASE,REACTOME_FLT3_SIGNALING_IN_DISEASE,25,0.5710689523223234,1.5588843743143816,0.02815190509454427,0.10368292578917884,0.07564553518230441,3954,"tags=48%, list=26%, signal=36%",CBL/PIK3R1/SPTBN1/GAB2/PIK3CA/PTPN11/ZMYM2/MYO18A/CDKN1A/KRAS/GOLGB1/TRIP11
REACTOME_CELL_CYCLE_MITOTIC,REACTOME_CELL_CYCLE_MITOTIC,451,-0.29193003974914766,-1.2067691463696306,0.02820728966985073,0.10368292578917884,0.07564553518230441,2150,"tags=19%, list=14%, signal=17%",SKA2/CENPC/ANKLE2/MCM7/NUP43/CEP135/CDK6/NUF2/POLD1/SPC24/GINS2/CHMP2B/MCM3/MCM2/ESCO1/DYNLL1/PMF1/UBE2E1/SUMO1/CCNE2/MNAT1/RFC3/CDT1/PHLDA1/RFC4/PRIM1/RCC1/ANAPC16/LIN52/MZT2A/CENPQ/PSMD6/GMNN/POLD4/MAD2L1/RFC2/CEP63/TMPO/PSMA6/PSMB5/RBBP4/DCTN3/CDK11A/POLE4/PSMA3/SKP1/CDC45/CNEP1R1/ORC4/STAG1/PSMA1/PSMA5/CHMP2A/PRIM2/CDC26/NUP85/PSMB1/NEDD1/CDKN1B/ARPP19/PSMA2/CCNB2/HDAC8/LMNA/RAN/CCNH/EMD/NUP35/POLA1/PSMB4/PSMD14/ANAPC11/SSNA1/ADRM1/RPA3/PSMD13/BANF1/SEC13/PSMB6/B9D2/PSMA7/CDK4/E2F5/PSMB3/KIF18A/CABLES1
REACTOME_LANOSTEROL_BIOSYNTHESIS,REACTOME_LANOSTEROL_BIOSYNTHESIS,12,0.6838920088464864,1.5428040717977016,0.028547489826589806,0.10464827113062404,0.07634983692180054,2136,"tags=50%, list=14%, signal=43%",SQLE/HMGCS1/LSS/ACAT2/FDPS/FDFT1
REACTOME_PLATELET_CALCIUM_HOMEOSTASIS,REACTOME_PLATELET_CALCIUM_HOMEOSTASIS,27,0.5292602347847366,1.4845017629229138,0.02925721835694883,0.10695931589030885,0.07803594113178479,3457,"tags=37%, list=22%, signal=29%",ATP2B4/ITPR2/ATP2B3/ORAI2/ATP2A1/ATP2B1/SLC8A1/P2RX3/STIM1/SLC8A2
REACTOME_DENGUE_VIRUS_GENOME_TRANSLATION_AND_REPLICATION,REACTOME_DENGUE_VIRUS_GENOME_TRANSLATION_AND_REPLICATION,65,-0.42904057055529204,-1.3962876358812848,0.029452402718588924,0.10738186829020664,0.07834422913764053,2888,"tags=38%, list=19%, signal=31%",UBC/XPO1/CALR/SPCS3/DNAJB11/KPNA4/PDIA3/P4HA1/MAGT1/HSPA1A/SUMO1/P4HB/DPM2/HSPA5/ATL2/YBX1/BTF3/SEC11A/SPCS2/NACA/OSTC/SPCS1/SEC11C/TMEM258/DPM3
REACTOME_RNA_POLYMERASE_III_TRANSCRIPTION_INITIATION_FROM_TYPE_3_PROMOTER,REACTOME_RNA_POLYMERASE_III_TRANSCRIPTION_INITIATION_FROM_TYPE_3_PROMOTER,28,-0.5410351614861271,-1.514751861529013,0.029729732311042676,0.10810083258112282,0.0788687748923958,1336,"tags=61%, list=9%, signal=56%",POU2F1/SNAPC3/BRF2/BDP1/ZNF143/POLR3K/POLR3GL/POLR3E/POLR2H/POLR2E/POLR3H/POLR2F/SNAPC5/POLR2L/POLR2K/POLR1C/POLR1D
REACTOME_CELLULAR_RESPONSE_TO_STARVATION,REACTOME_CELLULAR_RESPONSE_TO_STARVATION,64,-0.4333602111092538,-1.4004299595906147,0.030239048606671263,0.10965719508171919,0.0800042740442491,3073,"tags=44%, list=20%, signal=35%",ATP6V1G1/RRAGA/ITFG2/TRIB3/ATF3/FNIP1/ASNS/CEBPG/ATP6V1H/KPTN/ATP6V0E1/ATP6V0C/FLCN/NPRL2/FAU/DDIT3/RPLP0/LAMTOR1/ATP6V1F/RPSA/ATP6V0B/LAMTOR5/LAMTOR3/ATF4/RPLP2/SEC13/LAMTOR2/LAMTOR4
REACTOME_PRC2_METHYLATES_HISTONES_AND_DNA,REACTOME_PRC2_METHYLATES_HISTONES_AND_DNA,14,-0.6504130437074791,-1.564705945710324,0.03040419299438626,0.10996047278666773,0.08022554098984382,3351,"tags=64%, list=22%, signal=50%",DNMT1/AEBP2/SUZ12/DNMT3A/MTF2/PHF19/EZH2/RBBP4/EED
REACTOME_PROCESSIVE_SYNTHESIS_ON_THE_LAGGING_STRAND,REACTOME_PROCESSIVE_SYNTHESIS_ON_THE_LAGGING_STRAND,15,-0.6469993162654731,-1.572201844763057,0.0314033878199535,0.11327050847357559,0.08264049426303552,2014,"tags=73%, list=13%, signal=64%",LIG1/DNA2/POLD3/POLD2/RPA2/POLD1/PRIM1/POLD4/PRIM2/POLA1/RPA3
REACTOME_RESPIRATORY_SYNCYTIAL_VIRUS_RSV_ATTACHMENT_AND_ENTRY,REACTOME_RESPIRATORY_SYNCYTIAL_VIRUS_RSV_ATTACHMENT_AND_ENTRY,23,0.5651387638952019,1.5156511767754604,0.03190150500795634,0.11455553266495459,0.0835780289818833,2605,"tags=43%, list=17%, signal=36%",EGFR/RAB5A/RAB5B/IGF1R/SDC3/LY96/CX3CR1/GPC6/GPC4/SDC2
REACTOME_DISEASES_OF_CARBOHYDRATE_METABOLISM,REACTOME_DISEASES_OF_CARBOHYDRATE_METABOLISM,29,0.5246737507012601,1.4956977461864156,0.031929488719068144,0.11455553266495459,0.0835780289818833,3910,"tags=59%, list=25%, signal=44%",ARSB/GLB1/GBE1/IDUA/GYS1/LCT/GNS/HGSNAT/EPM2A/SGSH/IDS/ALDOB/GYG1/GALNS/PPP1R3C/GUSB/G6PC3
REACTOME_POSITIVE_REGULATION_OF_CDH1_GENE_TRANSCRIPTION,REACTOME_POSITIVE_REGULATION_OF_CDH1_GENE_TRANSCRIPTION,10,0.7077830457309969,1.5253814608536835,0.03296552020235474,0.11795885080365132,0.08606103975764814,3575,"tags=70%, list=23%, signal=54%",ARID1A/ZEB2/RB1/SP1/KLF9/STRAP/KLF4
REACTOME_TRANSCRIPTIONAL_REGULATION_OF_BROWN_AND_BEIGE_ADIPOCYTE_DIFFERENTIATION,REACTOME_TRANSCRIPTIONAL_REGULATION_OF_BROWN_AND_BEIGE_ADIPOCYTE_DIFFERENTIATION,30,0.5250075560537195,1.504667713543348,0.033306778175464,0.11823906252289719,0.08626547809988598,2506,"tags=37%, list=16%, signal=31%",NCOA1/ZNF423/MTA3/HDAC1/PPARGC1A/CHD4/MTA1/RBBP7/GATAD2B/PRDM16/GATAD2A
REACTOME_FLT3_SIGNALING,REACTOME_FLT3_SIGNALING,35,0.48661537839719526,1.4594998378359498,0.03324411622309821,0.11823906252289719,0.08626547809988598,2853,"tags=37%, list=18%, signal=30%",CBL/PIK3R1/FYN/SLA/GAB2/SOCS2/PIK3CA/PTPRJ/ABL2/BCL2L11/PTPN11/AKT1/SYK
REACTOME_RHOJ_GTPASE_CYCLE,REACTOME_RHOJ_GTPASE_CYCLE,51,0.4426641661581987,1.4219849749943125,0.033241095383314795,0.11823906252289719,0.08626547809988598,1410,"tags=20%, list=9%, signal=18%",OCRL/PIK3R1/CDC42BPA/ARHGAP35/RHOJ/ARHGAP1/PAK3/WIPF2/SLC4A7/RAB7A
REACTOME_SIGNALING_BY_FLT3_FUSION_PROTEINS,REACTOME_SIGNALING_BY_FLT3_FUSION_PROTEINS,19,0.5876515227020824,1.5026033504902185,0.03386773443947182,0.1196322277111306,0.08728191089688823,3954,"tags=53%, list=26%, signal=39%",PIK3R1/SPTBN1/GAB2/PIK3CA/ZMYM2/MYO18A/CDKN1A/KRAS/GOLGB1/TRIP11
REACTOME_MITOCHONDRIAL_BIOGENESIS,REACTOME_MITOCHONDRIAL_BIOGENESIS,65,0.42324081859636103,1.4075960052983865,0.03387658338447138,0.1196322277111306,0.08728191089688823,1511,"tags=22%, list=10%, signal=20%",TBL1XR1/NCOA1/TBL1X/ACSS2/ATF2/NCOA2/PRKAB2/PPARGC1A/HDAC3/PRKAA2/NCOR1/SOD2/HCFC1/CARM1
REACTOME_ERCC6_CSB_AND_EHMT2_G9A_POSITIVELY_REGULATE_RRNA_EXPRESSION,REACTOME_ERCC6_CSB_AND_EHMT2_G9A_POSITIVELY_REGULATE_RRNA_EXPRESSION,15,0.6423608768340938,1.5079665687503132,0.03424400836694937,0.12029991480993413,0.08776904556770193,1780,"tags=47%, list=12%, signal=41%",MTA3/HDAC1/CHD4/MTA1/ERCC6/RBBP7/GATAD2B
REACTOME_REGULATION_OF_KIT_SIGNALING,REACTOME_REGULATION_OF_KIT_SIGNALING,16,0.6235573920479824,1.4998115504373961,0.03416988713671788,0.12029991480993413,0.08776904556770193,2310,"tags=38%, list=15%, signal=32%",KIT/CBL/FYN/SRC/SH2B2/PRKCA
REACTOME_LEISHMANIA_INFECTION,REACTOME_LEISHMANIA_INFECTION,151,0.3502064686536963,1.3171699220686006,0.03454373710539095,0.12103766585759063,0.08830729786340544,2855,"tags=26%, list=18%, signal=22%",GNG2/AHCYL1/PRKACB/GNG3/CYFIP2/PLCG1/ITPR2/CYFIP1/ADCY7/GNAS/FYN/ABI2/MAPK1/MAPK3/ABI1/MYO5A/GNAZ/PRKAR2A/CYSLTR2/WIPF2/SRC/ADCY6/ABL1/NCKAP1/PLCG2/PRKAR1B/MYH2/ARPC2/RAC1/ACTR2/MAPK8/ELMO1/PRKACA/DVL3/SUGT1/NCKIPSD/JUN/GNB1/SYK/NOXO1
REACTOME_ACTIVATION_OF_THE_AP_1_FAMILY_OF_TRANSCRIPTION_FACTORS,REACTOME_ACTIVATION_OF_THE_AP_1_FAMILY_OF_TRANSCRIPTION_FACTORS,10,0.7048405916743623,1.519040019229056,0.03481400166105501,0.12119690146093957,0.08842347381372441,432,"tags=40%, list=3%, signal=39%",MAPK9/ATF2/MAPK1/MAPK3
REACTOME_FCERI_MEDIATED_MAPK_ACTIVATION,REACTOME_FCERI_MEDIATED_MAPK_ACTIVATION,31,0.5193498889273218,1.499201960565238,0.034858708500255416,0.12119690146093957,0.08842347381372441,3534,"tags=42%, list=23%, signal=32%",MAPK9/MAP2K4/PLCG1/MAPK1/MAPK3/PLCG2/RAC1/MAPK8/JUN/SYK/PAK1/PAK2/KRAS
REACTOME_SEMA3A_PLEXIN_REPULSION_SIGNALING_BY_INHIBITING_INTEGRIN_ADHESION,REACTOME_SEMA3A_PLEXIN_REPULSION_SIGNALING_BY_INHIBITING_INTEGRIN_ADHESION,14,0.6442937137884658,1.483918586176033,0.034745515893626594,0.12119690146093957,0.08842347381372441,4239,"tags=71%, list=27%, signal=52%",PLXNA4/FYN/RND1/RAC1/PLXNA2/PLXNA1/PIP5K1C/NRP1/FES/SEMA3A
REACTOME_INTERLEUKIN_RECEPTOR_SHC_SIGNALING,REACTOME_INTERLEUKIN_RECEPTOR_SHC_SIGNALING,25,0.5605590279848025,1.5301947445273638,0.035242709728976765,0.12221700623236416,0.08916772722660878,4560,"tags=40%, list=29%, signal=28%",PIK3R1/GAB2/PIK3CD/PIK3CA/PIK3R2/PIK3CB/JAK1/JAK2/IL2RG/JAK3
REACTOME_SIGNALING_BY_TGFB_FAMILY_MEMBERS,REACTOME_SIGNALING_BY_TGFB_FAMILY_MEMBERS,151,0.3494852041733829,1.31445715698754,0.035859649943050756,0.1240376096748089,0.09049601267679476,3103,"tags=27%, list=20%, signal=22%",TGFB2/TIMP2/CBL/HDAC1/BMPR1B/MAPK1/MAPK3/MMP14/BMPR2/ITGB8/GREM2/SMAD2/UBE2M/FBN1/TGFBR2/NCSTN/NCOR1/AGO2/USP9X/ZFYVE16/AGO1/SMAD9/INHBB/CDK9/HELLS/CCNT1/SMAD3/TGFBR3/SKIL/ITGA8/RHOA/ACVR2A/TGFBR1/TRIM33/SP1/FGF2/ITGB3/ITGAV/MMP16/GIPC1/MOV10
REACTOME_G_ALPHA_S_SIGNALLING_EVENTS,REACTOME_G_ALPHA_S_SIGNALLING_EVENTS,130,0.3557684898271022,1.311014738176287,0.03617629144365164,0.1248128316048237,0.09106160317623983,3248,"tags=22%, list=21%, signal=18%",GNG2/PRKACB/GRK5/GNG3/ADCY7/GNAS/GNAZ/HTR7/PDE8A/GRK6/PRKAR2A/CYSLTR2/SRC/ADCY6/PDE1A/PRKAR1B/ADCYAP1/GPR176/RLN3/PRKACA/DRD5/GNB1/CRHR2/MC5R/PRKAR1A/GNAI2/PDE4A/PTH2R/VIPR1
REACTOME_SYNTHESIS_SECRETION_AND_DEACYLATION_OF_GHRELIN,REACTOME_SYNTHESIS_SECRETION_AND_DEACYLATION_OF_GHRELIN,16,-0.6261571323004638,-1.5454470585344184,0.03647299351568537,0.12519610242407014,0.0913412319195549,815,"tags=25%, list=5%, signal=24%",SEC11A/SPCS2/SPCS1/SEC11C
REACTOME_NEGATIVE_REGULATION_OF_NMDA_RECEPTOR_MEDIATED_NEURONAL_TRANSMISSION,REACTOME_NEGATIVE_REGULATION_OF_NMDA_RECEPTOR_MEDIATED_NEURONAL_TRANSMISSION,20,0.5815565903095925,1.5079101498469487,0.03639983034974039,0.12519610242407014,0.0913412319195549,4046,"tags=50%, list=26%, signal=37%",DLG3/CAMK2G/CAMK2D/NEFL/PPM1E/GRIN1/GRIN2D/GRIN2A/PPM1F/DLG4
REACTOME_LAMININ_INTERACTIONS,REACTOME_LAMININ_INTERACTIONS,30,0.5170482681815217,1.4818564542652666,0.03704201452582285,0.12650551289958234,0.0922965585120436,4265,"tags=57%, list=28%, signal=41%",COL4A1/ITGA1/LAMA2/COL4A4/COL4A2/LAMB1/LAMA3/LAMA5/LAMC2/ITGA6/ITGA3/ITGAV/LAMC3/ITGA2/HSPG2/LAMC1/NID2
REACTOME_HATS_ACETYLATE_HISTONES,REACTOME_HATS_ACETYLATE_HISTONES,74,0.4066597887125887,1.3920545655479575,0.037032855059931445,0.12650551289958234,0.0922965585120436,2255,"tags=27%, list=15%, signal=23%",NCOA1/TADA2B/SUPT7L/USP22/ATF2/NCOA2/TADA2A/KAT2A/TRRAP/MORF4L1/KAT2B/MEAF6/KANSL3/JADE2/RBBP7/HCFC1/ING5/CLOCK/KAT6A/ATXN7L3
REACTOME_NCAM_SIGNALING_FOR_NEURITE_OUT_GROWTH,REACTOME_NCAM_SIGNALING_FOR_NEURITE_OUT_GROWTH,61,0.43094878203207465,1.4243030709253663,0.03718944218492058,0.1266882765339845,0.09242990016720028,1566,"tags=20%, list=10%, signal=18%",COL4A1/PRNP/CACNB2/FYN/MAPK1/MAPK3/SPTBN1/COL4A4/COL4A2/COL9A3/SRC/CACNA1S
REACTOME_COPII_MEDIATED_VESICLE_TRANSPORT,REACTOME_COPII_MEDIATED_VESICLE_TRANSPORT,69,0.4006826754604944,1.3499444554761424,0.03774808187439364,0.12826741170921163,0.09358201392697349,1892,"tags=26%, list=12%, signal=23%",NAPB/SEC23A/NAPG/SEC24B/SEC22C/SEC24D/CNIH3/NSF/STX17/GOLGA2/SEC31A/TRAPPC10/GOSR2/PPP6R3/USO1/GORASP1/TBC1D20/PPP6R1
REACTOME_REGULATION_OF_ENDOGENOUS_RETROELEMENTS_BY_PIWI_INTERACTING_RNAS_PIRNAS,REACTOME_REGULATION_OF_ENDOGENOUS_RETROELEMENTS_BY_PIWI_INTERACTING_RNAS_PIRNAS,36,0.47905989439972524,1.4344091884181376,0.03819787458212215,0.12946968043035875,0.09445917147390694,1968,"tags=33%, list=13%, signal=29%",SMARCA2/MTA3/HDAC1/SS18L1/ARID1A/ARID1B/CHD4/MTA1/BCL7A/RBBP7/GATAD2B/SMARCC1
REACTOME_SYNTHESIS_OF_PA,REACTOME_SYNTHESIS_OF_PA,28,0.5074753460217989,1.4370029748000974,0.038624161353367874,0.13058645028995805,0.09527395031103802,2774,"tags=32%, list=18%, signal=26%",PLA2G5/AGPAT3/LCLAT1/PLD1/GPAM/GPD1L/GPD2/DDHD2/DDHD1
REACTOME_DEFECTIVE_PYROPTOSIS,REACTOME_DEFECTIVE_PYROPTOSIS,12,-0.6676988194826836,-1.5480995060208467,0.03905489078881416,0.13161172883137065,0.09602197843028486,2633,"tags=67%, list=17%, signal=55%",SUZ12/DNMT3A/PRIM1/EZH2/RBBP4/PRIM2/POLA1/EED
REACTOME_MYOGENESIS,REACTOME_MYOGENESIS,26,0.5465797840570161,1.5000154319484933,0.039122537628895206,0.13161172883137065,0.09602197843028486,2100,"tags=27%, list=14%, signal=23%",NEO1/CDH2/MEF2A/CTNNA1/SPAG9/ABL1/MEF2D
REACTOME_PASSIVE_TRANSPORT_BY_AQUAPORINS,REACTOME_PASSIVE_TRANSPORT_BY_AQUAPORINS,10,0.6979445237155509,1.5041779307958782,0.04035946003784857,0.1354351034603426,0.09881145623301496,752,"tags=20%, list=5%, signal=19%",AQP11/AQP1
REACTOME_RND1_GTPASE_CYCLE,REACTOME_RND1_GTPASE_CYCLE,41,0.47318128783469476,1.4523361062696551,0.04212163498276359,0.14099773099689353,0.10286986733416209,4645,"tags=51%, list=30%, signal=36%",FLOT2/PIK3R1/ARHGAP35/WDR6/RND1/RASAL2/PIK3R2/ALDH3A2/VANGL2/PLXNA1/DSP/PTPN13/DLG5/CPD/FAM83B/CCDC88A/TFRC/FRS2/DEPDC1B/EPSTI1/KIDINS220
REACTOME_SIALIC_ACID_METABOLISM,REACTOME_SIALIC_ACID_METABOLISM,33,0.49324109550177464,1.4534091410305163,0.04231308431399346,0.14128799688014151,0.10308164104633633,1696,"tags=24%, list=11%, signal=22%",CMAS/SLC17A5/GLB1/ST3GAL2/NEU3/ST6GAL1/ST8SIA6/ST8SIA3
REACTOME_EGFR_DOWNREGULATION,REACTOME_EGFR_DOWNREGULATION,26,0.5358516503581109,1.4705734976257159,0.04494229534756865,0.14969668252807433,0.10921649421696344,237,"tags=15%, list=2%, signal=15%",STAM2/CBL/EGFR/PTPN3
REACTOME_INSERTION_OF_TAIL_ANCHORED_PROTEINS_INTO_THE_ENDOPLASMIC_RETICULUM_MEMBRANE,REACTOME_INSERTION_OF_TAIL_ANCHORED_PROTEINS_INTO_THE_ENDOPLASMIC_RETICULUM_MEMBRANE,20,-0.5733280845770977,-1.5003722894381846,0.045360624815503556,0.15071793811850814,0.10996158725044289,1035,"tags=35%, list=7%, signal=33%",STX5/SEC61G/SGTA/EMD/GET4/SERP1/SEC61B
REACTOME_LAGGING_STRAND_SYNTHESIS,REACTOME_LAGGING_STRAND_SYNTHESIS,20,-0.5719593771759816,-1.4967904473616738,0.04593119123659827,0.1522387640741304,0.11107115946261317,2014,"tags=45%, list=13%, signal=39%",POLD1/RFC3/RFC4/PRIM1/POLD4/RFC2/PRIM2/POLA1/RPA3
REACTOME_INITIAL_TRIGGERING_OF_COMPLEMENT,REACTOME_INITIAL_TRIGGERING_OF_COMPLEMENT,15,-0.6172258506358594,-1.499852622111543,0.04621072088724584,0.15278985901199665,0.11147323021046147,4233,"tags=53%, list=27%, signal=39%",C4B/MASP2/C2/C1QA/C1QB/C1QC/GZMM/CFP
REACTOME_NEUROTOXICITY_OF_CLOSTRIDIUM_TOXINS,REACTOME_NEUROTOXICITY_OF_CLOSTRIDIUM_TOXINS,10,0.6919095762933077,1.4911716897300034,0.04652109791110639,0.15344000264567853,0.11194756542757553,4626,"tags=80%, list=30%, signal=56%",SV2B/SYT1/SV2A/STX1B/VAMP1/STX1A/VAMP2/SNAP25
REACTOME_SIGNALING_BY_ERBB2,REACTOME_SIGNALING_BY_ERBB2,44,0.46145768489237465,1.4456152875587984,0.048293028843980554,0.15819593951657926,0.11541742690336045,2754,"tags=36%, list=18%, signal=30%",EGFR/PLCG1/PIK3R1/FYN/ERBB4/PRKCD/PIK3CA/DIAPH1/SRC/NRG3/PRKCA/RHOA/USP8/PRKCE/NRG4/AKT1
REACTOME_SIGNALING_BY_NOTCH1_PEST_DOMAIN_MUTANTS_IN_CANCER,REACTOME_SIGNALING_BY_NOTCH1_PEST_DOMAIN_MUTANTS_IN_CANCER,52,0.43556996277464866,1.408485007028337,0.04831484587163132,0.15819593951657926,0.11541742690336045,1209,"tags=21%, list=8%, signal=20%",TBL1XR1/TBL1X/HDAC1/FBXW7/HDAC6/KAT2A/KAT2B/HDAC3/NCSTN/NCOR1/MIB1
REACTOME_CELL_CYCLE_CHECKPOINTS,REACTOME_CELL_CYCLE_CHECKPOINTS,235,-0.32110144608049385,-1.2384277364781557,0.04814814814814815,0.15819593951657926,0.11541742690336045,3573,"tags=34%, list=23%, signal=27%",ORC3/BUB3/ATR/MIS12/SEH1L/AHCTF1/CHEK1/PSMC3/ORC6/PSMB2/PKMYT1/RAD1/PSMC4/YWHAQ/NUP107/PSMD7/PIAS4/RPA2/UBC/CCNB1/ERCC6L/CDC6/XPO1/BRCA1/PSMC6/MDM2/ZW10/PPP2R1B/DBF4/ANAPC10/CDK2/SKA2/CENPC/MCM7/NUP43/NUF2/RAD9A/SPC24/MCM3/MCM2/DYNLL1/PMF1/UBE2E1/CCNE2/RFC3/RFC4/ANAPC16/CENPQ/TOP3A/PSMD6/MAD2L1/RFC2/PSMA6/PSMB5/PSMA3/SKP1/CDC45/ORC4/PSMA1/UIMC1/PSMA5/CDC26/NUP85/PSMB1/CDKN1B/RNF168/PSMA2/CCNB2/PSMB4/PSMD14/ANAPC11/ADRM1/RPA3/PSMD13/SEC13/PSMB6/B9D2/PSMA7/PSMB3/KIF18A
REACTOME_TRANSCRIPTIONAL_REGULATION_BY_NPAS4,REACTOME_TRANSCRIPTIONAL_REGULATION_BY_NPAS4,32,0.49330489348991,1.4361978435045775,0.04961422986375776,0.16166569102949085,0.11794890649024536,4314,"tags=47%, list=28%, signal=34%",MAPK1/MAPK3/CDK5R1/SYT10/REST/AGO2/AGO1/RET/SRF/MOV10/CREBBP/ARNT2/AGO3/TNRC6A/AGO4
REACTOME_RESPONSE_TO_ELEVATED_PLATELET_CYTOSOLIC_CA2,REACTOME_RESPONSE_TO_ELEVATED_PLATELET_CYTOSOLIC_CA2,116,0.35678650877280227,1.293151250521627,0.049553630880675575,0.16166569102949085,0.11794890649024536,4004,"tags=35%, list=26%, signal=26%",PHACTR2/LHFPL2/TGFB2/TOR4A/CD109/PROS1/RAB27B/VCL/HABP4/TIMP3/APLP2/STXBP3/ITIH3/TTN/LGALS3BP/PRKCG/PRKCA/SPARC/MAGED2/ACTN4/F8/SERPINA3/QSOX1/CFL1/ITGB3/SCG3/CD36/WDR1/FAM3C/GAS6/THBS1/TGFB1/PDGFA/CAP1/FN1/ANXA5/F5/MMRN1/IGF1/A2M/PLEK
REACTOME_SELENOAMINO_ACID_METABOLISM,REACTOME_SELENOAMINO_ACID_METABOLISM,24,-0.5476992233308418,-1.4924682111071266,0.05046728971962617,0.16365474478792236,0.11940009080933822,1577,"tags=42%, list=10%, signal=37%",SEPHS2/AIMP1/CTH/PAPSS1/FAU/RPLP0/RPSA/EEFSEC/RPLP2/AIMP2
REACTOME_SIGNALING_BY_FGFR2_IN_DISEASE,REACTOME_SIGNALING_BY_FGFR2_IN_DISEASE,40,-0.48032854385418255,-1.430397347987963,0.050387596899224806,0.16365474478792236,0.11940009080933822,1202,"tags=28%, list=8%, signal=25%",POLR2G/NCBP2/POLR2H/POLR2C/POLR2E/POLR2F/POLR2D/POLR2L/POLR2K/POLR2J/POLR2I
REACTOME_REGULATION_OF_T_CELL_ACTIVATION_BY_CD28_FAMILY,REACTOME_REGULATION_OF_T_CELL_ACTIVATION_BY_CD28_FAMILY,188,-0.33368469687500696,-1.2484382967144434,0.05103969754253308,0.1651140335368756,0.12046476638209877,1225,"tags=26%, list=8%, signal=24%",TRIB3/RELA/ATF3/SUZ12/PSMC6/WDR5/MAP3K14/PPP2R1B/PRKAG1/IRF1/MAGT1/CSK/YES1/FOS/HLA-DRB5/WWTR1/DERL3/FOSB/PSMD6/HLA-DQA1/EZH2/HLA-DQB1/PSMA6/PSMB5/DPY30/RBBP4/PSMA3/ERLIN1/CD86/SKP1/PSMA1/PSMA5/PSMB1/PSMA2/DERL2/PSMB4/PSMD14/ADRM1/MAPKAP1/PSMD13/PSMB6/PSMA7/OSTC/CDK4/EED/PSMB3/TMEM258/NFKB1
REACTOME_REGULATION_OF_CDH1_POSTTRANSLATIONAL_PROCESSING_AND_TRAFFICKING_TO_PLASMA_MEMBRANE,REACTOME_REGULATION_OF_CDH1_POSTTRANSLATIONAL_PROCESSING_AND_TRAFFICKING_TO_PLASMA_MEMBRANE,30,-0.5214834434055587,-1.4671716065147922,0.05202312138728324,0.1678928008407777,0.12249211406978049,815,"tags=37%, list=5%, signal=35%",PCSK7/PRKCSH/SPCS3/MOGS/PCSK6/SEC11A/SPCS2/OSTC/SPCS1/SEC11C/TMEM258
REACTOME_THROMBIN_SIGNALLING_THROUGH_PROTEINASE_ACTIVATED_RECEPTORS_PARS,REACTOME_THROMBIN_SIGNALLING_THROUGH_PROTEINASE_ACTIVATED_RECEPTORS_PARS,31,0.490725511924755,1.4165722671020475,0.05241935483870968,0.16876780352606052,0.12313050313828301,1777,"tags=29%, list=11%, signal=26%",GNG2/GNG3/GNAQ/MAPK1/MAPK3/GNA13/F2R/SRC/GNA11
REACTOME_FORMATION_OF_THE_URETERIC_BUD,REACTOME_FORMATION_OF_THE_URETERIC_BUD,18,0.5928288106369937,1.5033715507328869,0.052742616033755275,0.1690018741794201,0.12330127763860778,3041,"tags=28%, list=20%, signal=22%",SLIT2/ITGA8/EYA1/GREM1/RET
REACTOME_JNK_C_JUN_KINASES_PHOSPHORYLATION_AND_ACTIVATION_MEDIATED_BY_ACTIVATED_HUMAN_TAK1,REACTOME_JNK_C_JUN_KINASES_PHOSPHORYLATION_AND_ACTIVATION_MEDIATED_BY_ACTIVATED_HUMAN_TAK1,18,0.5923933444777436,1.5022672396343422,0.052742616033755275,0.1690018741794201,0.12330127763860778,881,"tags=28%, list=6%, signal=26%",MAPK9/MAP2K4/TAB3/UBE2N/IKBKG
REACTOME_NUCLEAR_EVENTS_STIMULATED_BY_ALK_SIGNALING_IN_CANCER,REACTOME_NUCLEAR_EVENTS_STIMULATED_BY_ALK_SIGNALING_IN_CANCER,31,0.49774241063022356,1.4368278761251936,0.05304548097149312,0.16916868517859152,0.12342298048611688,1800,"tags=26%, list=12%, signal=23%",HDAC1/MECP2/MAPK1/MAPK3/STAT3/AGO2/AGO1/RB1
REACTOME_REGULATION_OF_LIPID_METABOLISM_BY_PPARALPHA,REACTOME_REGULATION_OF_LIPID_METABOLISM_BY_PPARALPHA,108,0.3652137849371869,1.3170950804063168,0.05292964650893949,0.16916868517859152,0.12342298048611688,3328,"tags=40%, list=22%, signal=31%",TBL1XR1/NCOA1/TBL1X/ACOX1/NCOA2/TNFRSF21/ACSL1/PPARGC1A/GRHL1/CPT2/CPT1A/MED14/RORA/HMGCS1/MED12/ACADM/GLIPR1/HDAC3/ME1/NCOR1/NCOA3/AGT/CARM1/ABCA1/SIN3A/CLOCK/FDFT1/FADS1/MED23/THRAP3/FAM120B/SP1/MED1/MED16/SREBF2/SLC27A1/NR1D1/CD36/HMGCS2/NFYC/MED13/CREBBP/ABCB4
REACTOME_ATTACHMENT_OF_BACTERIA_TO_EPITHELIAL_CELLS,REACTOME_ATTACHMENT_OF_BACTERIA_TO_EPITHELIAL_CELLS,23,0.5415743966521117,1.4524536698555817,0.05401088442875604,0.17103446735772745,0.12478422767701236,1393,"tags=30%, list=9%, signal=28%",COL4A1/LAMA2/COL4A4/COL4A2/LAMB1/LAMA3/LAMA5
REACTOME_RHOF_GTPASE_CYCLE,REACTOME_RHOF_GTPASE_CYCLE,39,0.467058419230833,1.4166491157025383,0.05394190871369295,0.17103446735772745,0.12478422767701236,2262,"tags=36%, list=15%, signal=31%",RHOF/PIK3R1/SOWAHC/FAM169A/CAPZB/ARHGAP1/AKAP12/TOR1AIP1/DIAPH1/SLC4A7/RAB7A/MTMR1/PIK3R2/SENP1
REACTOME_RHOV_GTPASE_CYCLE,REACTOME_RHOV_GTPASE_CYCLE,33,0.4745576211252928,1.3983554711464943,0.05389221556886228,0.17103446735772745,0.12478422767701236,3700,"tags=52%, list=24%, signal=39%",PIK3R1/SPTBN1/PEAK1/WDR6/SH3RF1/USP9X/MYO9A/CLTC/CEP97/TPM3/ZNF512B/PAK6/PAK1/IQGAP1/PAK2/RHOV/DLG5
REACTOME_GLUCAGON_SIGNALING_IN_METABOLIC_REGULATION,REACTOME_GLUCAGON_SIGNALING_IN_METABOLIC_REGULATION,31,0.479594927865601,1.3844417250542085,0.05443548387096774,0.17197533429024706,0.1254706703299762,1772,"tags=26%, list=11%, signal=23%",GNG2/PRKACB/GNG3/ADCY7/GNAS/PRKAR2A/ADCY6/PRKAR1B
REACTOME_ACYL_CHAIN_REMODELLING_OF_PI,REACTOME_ACYL_CHAIN_REMODELLING_OF_PI,12,0.6553308452800087,1.4783724380373295,0.05510204081632653,0.17300896897102866,0.12622479496540268,306,"tags=17%, list=2%, signal=16%",PLA2G5/MBOAT7
REACTOME_ACTIVATION_OF_PPARGC1A_PGC_1ALPHA_BY_PHOSPHORYLATION,REACTOME_ACTIVATION_OF_PPARGC1A_PGC_1ALPHA_BY_PHOSPHORYLATION,10,0.6810380610456758,1.467741900177756,0.05514741042071336,0.17300896897102866,0.12622479496540268,1016,"tags=30%, list=7%, signal=28%",PRKAB2/PPARGC1A/PRKAA2
REACTOME_SEMA4D_IN_SEMAPHORIN_SIGNALING,REACTOME_SEMA4D_IN_SEMAPHORIN_SIGNALING,24,0.5412532203927747,1.4548908895059693,0.055051779417747054,0.17300896897102866,0.12622479496540268,3427,"tags=46%, list=22%, signal=36%",ARHGEF11/ARHGAP35/RND1/ARHGEF12/LIMK2/RAC1/MYH11/RHOA/RHOB/LIMK1/MYH10
REACTOME_TP53_REGULATES_TRANSCRIPTION_OF_DNA_REPAIR_GENES,REACTOME_TP53_REGULATES_TRANSCRIPTION_OF_DNA_REPAIR_GENES,58,-0.43501821400920143,-1.3785497728664255,0.05566218809980806,0.17421877435415561,0.1271074511498853,1507,"tags=36%, list=10%, signal=33%",BRCA1/ERCC2/CTDP1/GTF2F1/GTF2H3/FOS/MNAT1/TCEA1/POLR2G/GTF2H4/POLR2H/POLR2C/POLR2E/POLR2F/CCNH/POLR2D/POLR2L/POLR2K/SUPT4H1/POLR2J/POLR2I
REACTOME_SIGNALING_BY_NOTCH1,REACTOME_SIGNALING_BY_NOTCH1,68,0.404456790376569,1.3558604909170775,0.05605575378365529,0.17447809383293256,0.12729664682126482,1506,"tags=19%, list=10%, signal=17%",TBL1XR1/TBL1X/HDAC1/FBXW7/HIF1A/HDAC6/KAT2A/KAT2B/HDAC3/NCSTN/NCOR1/MIB1/CNTN1
REACTOME_SIGNALING_BY_BRAF_AND_RAF1_FUSIONS,REACTOME_SIGNALING_BY_BRAF_AND_RAF1_FUSIONS,58,0.40396927477388844,1.3296158990979106,0.056133056133056136,0.17447809383293256,0.12729664682126482,4164,"tags=43%, list=27%, signal=32%",BRAF/ATG7/MAPK1/MAPK3/CAMK2G/VCL/TRIM24/SRC/FAM131B/CAMK2D/QKI/TRAK1/BCL2L11/CLCN6/CNKSR2/ITGB3/MAP2K2/IQGAP1/KDM7A/KRAS/FN1/YWHAB/JAK2/APBB1IP/AGTRAP
REACTOME_EPIGENETIC_REGULATION_OF_GENE_EXPRESSION_BY_MLL3_AND_MLL4_COMPLEXES,REACTOME_EPIGENETIC_REGULATION_OF_GENE_EXPRESSION_BY_MLL3_AND_MLL4_COMPLEXES,72,0.38662282249862917,1.3095259482330568,0.05591397849462366,0.17447809383293256,0.12729664682126482,1800,"tags=25%, list=12%, signal=22%",TBL1XR1/NCOA1/TBL1X/PDK4/NCOA2/ACSL1/PPARGC1A/MED14/MED12/PNPLA2/HDAC3/NCOR1/NCOA3/ABL1/LPIN1/SCD/GPAM/RB1
REACTOME_RESPONSE_OF_EIF2AK4_GCN2_TO_AMINO_ACID_DEFICIENCY,REACTOME_RESPONSE_OF_EIF2AK4_GCN2_TO_AMINO_ACID_DEFICIENCY,13,-0.6376786753581677,-1.510780698931982,0.05671077504725898,0.17586858744540773,0.12831113047595197,2725,"tags=77%, list=18%, signal=63%",TRIB3/ATF3/ASNS/CEBPG/FAU/DDIT3/RPLP0/RPSA/ATF4/RPLP2
REACTOME_ANTIGEN_PROCESSING_UBIQUITINATION_PROTEASOME_DEGRADATION,REACTOME_ANTIGEN_PROCESSING_UBIQUITINATION_PROTEASOME_DEGRADATION,276,0.29965350898757814,1.198933302632252,0.05689277899343545,0.1760283460140927,0.1284276879740757,2056,"tags=22%, list=13%, signal=19%",UBE2L3/ASB7/CDC27/UBE3C/UBR1/WWP1/FBXW7/ZNRF2/ATG7/HERC3/UBE2H/HUWE1/UBE2E2/RNF144B/UBE2Q1/HERC1/TRIP12/UBE2N/ASB1/ANAPC4/PJA2/FBXL20/UBOX5/FBXW11/UBE2L6/RNF14/KLHL22/UBE2M/DTX3L/HERC2/SH3RF1/UBR4/KLHL3/HECW2/CUL3/UBE3B/KCTD6/ASB18/GAN/MYLIP/RNF220/HECTD1/UBE3A/RNF115/TRIM9/FBXO41/FBXW5/ANAPC1/KLHL41/KLHL5/RNF213/LNX1/ANAPC2/UBE2J1/FBXO11/BTBD6/BTRC/UBE2J2/FBXO9/FBXO44
REACTOME_SYNTHESIS_OF_IP2_IP_AND_INS_IN_THE_CYTOSOL,REACTOME_SYNTHESIS_OF_IP2_IP_AND_INS_IN_THE_CYTOSOL,13,0.6568221581924265,1.484626092237352,0.05708245243128964,0.17621104880963323,0.12856098524209517,664,"tags=15%, list=4%, signal=15%",OCRL/SYNJ1
REACTOME_VOLTAGE_GATED_POTASSIUM_CHANNELS,REACTOME_VOLTAGE_GATED_POTASSIUM_CHANNELS,42,0.4549345991393138,1.4053373654181367,0.05761316872427984,0.1770390993372517,0.1291651187080725,2805,"tags=24%, list=18%, signal=20%",KCND3/KCNC4/KCNA3/KCNF1/KCNA2/KCNQ3/KCNH2/KCNA4/KCNC2/KCNG1
REACTOME_GPER1_SIGNALING,REACTOME_GPER1_SIGNALING,42,0.4521597520196594,1.3967655919193729,0.05761316872427984,0.1770390993372517,0.1291651187080725,1349,"tags=21%, list=9%, signal=20%",GNG2/PRKACB/GNG3/ADCY7/GNAS/GNAZ/PRKAR2A/SRC/ADCY6
REACTOME_RHO_GTPASE_EFFECTORS,REACTOME_RHO_GTPASE_EFFECTORS,236,0.31675330194978735,1.2454693121949323,0.058315334773218146,0.17878951502061655,0.1304421962032511,2615,"tags=24%, list=17%, signal=20%",ZWINT/RHOQ/CLASP1/CYFIP2/DAAM1/NCOA2/TAOK1/CLASP2/CYFIP1/ABI2/MAPK1/MAPK3/ABI1/AR/PAFAH1B1/PIK3C3/CTNNA1/CKAP5/PRKCD/PAK3/PPP2R5E/TUBA1C/IQGAP2/EVL/WIPF2/CTTN/ZWILCH/DIAPH1/SRC/ABL1/NCKAP1/PPP1R12A/KIF2A/DYNC1I1/NF2/LIMK2/ARPC2/RAC1/MYH11/YWHAG/S100A9/ACTR2/S100A8/SPDL1/FMNL2/CENPK/PRKCA/RHOA/DVL3/GOPC/SCAI/YWHAZ/NUP160/PPP2R1A/TUBB3/NCKIPSD/PPP2CB
REACTOME_TRANSPORT_OF_VITAMINS_NUCLEOSIDES_AND_RELATED_MOLECULES,REACTOME_TRANSPORT_OF_VITAMINS_NUCLEOSIDES_AND_RELATED_MOLECULES,27,-0.5170765493904635,-1.4405867863099122,0.05860113421550094,0.17925834479979766,0.13078424750326623,2231,"tags=33%, list=14%, signal=29%",SLC35B3/SLC25A5/ARL2/SLC35A3/SLC35A1/SLC35D1/SLC35B2/SLC33A1/ARL2BP
REACTOME_GBP_MEDIATED_HOST_DEFENSE,REACTOME_GBP_MEDIATED_HOST_DEFENSE,11,-0.6639470447203977,-1.4955971064537024,0.05905511811023622,0.17983149961785252,0.1312024128147104,3028,"tags=45%, list=20%, signal=37%",CASP1/GBP4/GBP2/GBP5/FNTA
REACTOME_TRNA_AMINOACYLATION,REACTOME_TRNA_AMINOACYLATION,23,-0.5490708475985084,-1.4749984572414254,0.058935361216730035,0.17983149961785252,0.1312024128147104,3000,"tags=52%, list=19%, signal=42%",EARS2/AIMP1/CARS2/WARS2/NARS2/YARS2/LARS2/PPA2/FARS2/FARSA/AIMP2/HARS2
REACTOME_ADHERENS_JUNCTIONS_INTERACTIONS,REACTOME_ADHERENS_JUNCTIONS_INTERACTIONS,161,-0.3399350332040058,-1.2472589729192098,0.0595903165735568,0.1810525609408291,0.13209328116708297,1225,"tags=16%, list=8%, signal=14%",PSMD6/EZH2/PSMA6/PSMB5/RBBP4/PSMA3/BANP/SEC11A/PSMA1/PSMA5/PSMB1/PSMA2/SPCS2/PSMB4/PSMD14/ADRM1/PSMD13/PSMB6/PSMA7/OSTC/SPCS1/EED/PSMB3/SEC11C/TMEM258
REACTOME_SIGNALING_BY_NTRKS,REACTOME_SIGNALING_BY_NTRKS,129,0.34644346544980426,1.27467562803128,0.0598669623059867,0.1814843419118563,0.13240830220247798,3230,"tags=32%, list=21%, signal=25%",BRAF/PLCG1/ATF2/PIK3R1/MEF2A/JUND/FYN/DOCK3/MAPK1/MAPK3/CHD4/CDK5R1/SHC2/REST/NTRK2/TIAM1/PIK3CA/F3/CRKL/STAT3/ASCL1/SRC/PTPRO/ADCYAP1/PTPRS/CLTC/RAC1/PIK3R2/ELK1/MEF2D/AP2A1/RHOA/PPP2R1A/PPP2CB/PTPN11/RAPGEF1/MAP2K2/SRF/PIK3CB/RRAD/GAB1
REACTOME_RNA_POLYMERASE_III_TRANSCRIPTION_INITIATION_FROM_TYPE_1_PROMOTER,REACTOME_RNA_POLYMERASE_III_TRANSCRIPTION_INITIATION_FROM_TYPE_1_PROMOTER,28,-0.5209381304595274,-1.4584856198394167,0.060263653483992465,0.18227728374418348,0.13298682088159774,1336,"tags=39%, list=9%, signal=36%",POLR3GL/POLR3E/GTF3A/POLR2H/POLR2E/POLR3H/POLR2F/POLR2L/POLR2K/POLR1C/POLR1D
REACTOME_INTERLEUKIN_7_SIGNALING,REACTOME_INTERLEUKIN_7_SIGNALING,23,0.5368218316376361,1.4397077192730312,0.06092436974789916,0.1833426862844817,0.1337641228793183,4560,"tags=57%, list=29%, signal=40%",PIK3R1/SOCS2/STAT3/PIK3R2/BRWD1/RAG1/JAK1/IRS1/SMARCA4/IRS2/IL2RG/IL7R/JAK3
REACTOME_NEGATIVE_EPIGENETIC_REGULATION_OF_RRNA_EXPRESSION,REACTOME_NEGATIVE_EPIGENETIC_REGULATION_OF_RRNA_EXPRESSION,45,-0.45531244859723147,-1.3890838657055642,0.0610236220472441,0.1833426862844817,0.1337641228793183,2446,"tags=40%, list=16%, signal=34%",TAF1A/GTF2H3/ARID4B/SAP18/TAF1D/TAF1C/MNAT1/SIRT1/GTF2H4/POLR2H/RRP8/POLR2E/POLR2F/CCNH/POLR2L/POLR2K/POLR1C/POLR1D
REACTOME_POTASSIUM_CHANNELS,REACTOME_POTASSIUM_CHANNELS,96,0.3695537946878247,1.3201558671748626,0.06098631701260567,0.1833426862844817,0.1337641228793183,2847,"tags=23%, list=18%, signal=19%",GNG2/KCND3/GABBR1/GNG3/KCNC4/KCNJ16/KCNA3/KCNN3/KCNMA1/GABBR2/KCNK9/KCNF1/KCNJ10/KCNA2/KCNN1/KCNQ3/KCNH2/KCNA4/KCNC2/HCN4/KCNG1/GNB1
REACTOME_FRS_MEDIATED_FGFR3_SIGNALING,REACTOME_FRS_MEDIATED_FGFR3_SIGNALING,18,0.5758464206046006,1.4603054217255658,0.06329113924050633,0.189732770745429,0.13842623436227702,4452,"tags=56%, list=29%, signal=40%",FGF1/FGF5/FGF18/PTPN11/FGFR3/FGF2/FGF9/KRAS/FRS2/NRAS
REACTOME_POST_TRANSLATIONAL_MODIFICATION_SYNTHESIS_OF_GPI_ANCHORED_PROTEINS,REACTOME_POST_TRANSLATIONAL_MODIFICATION_SYNTHESIS_OF_GPI_ANCHORED_PROTEINS,69,-0.40444407155470763,-1.328736663554519,0.06343283582089553,0.18973591024919748,0.13842852489797483,2130,"tags=20%, list=14%, signal=18%",GPAA1/PIGH/FOLR2/PIGP/ART3/DPM2/PIGV/PIGM/PIGA/PIGC/PIGX/PIGF/PIGY/DPM3
REACTOME_REGULATION_OF_TP53_ACTIVITY_THROUGH_ACETYLATION,REACTOME_REGULATION_OF_TP53_ACTIVITY_THROUGH_ACETYLATION,29,0.4968479362056434,1.416374151340535,0.06391752577319587,0.19034159441068704,0.13887042313916148,3155,"tags=48%, list=20%, signal=39%",HDAC1/CHD4/MEAF6/RBBP7/PIP4K2B/ING5/BRD7/GATAD2B/PIP4K2A/KAT6A/GATAD2A/AKT1/PIP4K2C/TP53
REACTOME_FOXO_MEDIATED_TRANSCRIPTION_OF_OXIDATIVE_STRESS_METABOLIC_AND_NEURONAL_GENES,REACTOME_FOXO_MEDIATED_TRANSCRIPTION_OF_OXIDATIVE_STRESS_METABOLIC_AND_NEURONAL_GENES,29,0.49593105212485866,1.4137603719179683,0.06391752577319587,0.19034159441068704,0.13887042313916148,1753,"tags=31%, list=11%, signal=28%",HDAC1/PLXNA4/PPARGC1A/SMAD2/ABCA6/SOD2/CAT/SMAD3/SIN3A
REACTOME_RNA_POLYMERASE_III_TRANSCRIPTION,REACTOME_RNA_POLYMERASE_III_TRANSCRIPTION,41,-0.4643418576561469,-1.3919659138397449,0.06432748538011696,0.19114047968673517,0.13945327806726027,1336,"tags=49%, list=9%, signal=45%",SSB/POU2F1/SNAPC3/BRF2/GTF3C5/BDP1/ZNF143/POLR3K/POLR3GL/POLR3E/GTF3A/POLR2H/POLR2E/POLR3H/POLR2F/SNAPC5/POLR2L/POLR2K/POLR1C/POLR1D
REACTOME_SENSORY_PROCESSING_OF_SOUND,REACTOME_SENSORY_PROCESSING_OF_SOUND,67,0.386806590626933,1.2916107816973499,0.06451612903225806,0.1912796880538816,0.13955484244109032,2712,"tags=22%, list=18%, signal=19%",CACNB2/DNAJC5/SPTBN1/CASK/CAPZB/KCNMA1/CAPZA2/TMIE/XIRP2/BSN/EPS8/OTOF/EPB41L3/ATP2B1/CTBP2
REACTOME_NUCLEAR_RNA_DECAY,REACTOME_NUCLEAR_RNA_DECAY,31,-0.49987807666314216,-1.4045475865533292,0.06521739130434782,0.19293478260869565,0.1407623750451644,3183,"tags=42%, list=21%, signal=33%",C1D/ZCCHC7/EXOSC5/PABPN1/DXO/EXOSC8/YTHDC1/EXOSC3/ZCCHC8/NCBP2/RBM7/EXOSC7/EXOSC4
REACTOME_RECEPTOR_TYPE_TYROSINE_PROTEIN_PHOSPHATASES,REACTOME_RECEPTOR_TYPE_TYROSINE_PROTEIN_PHOSPHATASES,18,0.5747348317142952,1.4574865116391948,0.06540084388185655,0.1930541321589157,0.14084945071872823,3731,"tags=61%, list=24%, signal=46%",SLITRK3/PPFIA2/PTPRF/SLITRK2/PTPRS/SLITRK5/IL1RAPL1/PPFIA3/PPFIBP2/SLITRK1/IL1RAP
REACTOME_GLYCOSAMINOGLYCAN_PROTEIN_LINKAGE_REGION_BIOSYNTHESIS,REACTOME_GLYCOSAMINOGLYCAN_PROTEIN_LINKAGE_REGION_BIOSYNTHESIS,28,0.4904697943015522,1.3888488553898086,0.06581740976645435,0.1930935766684559,0.14087822885178594,4300,"tags=50%, list=28%, signal=36%",B3GAT2/FAM20B/CSPG5/SDC3/B3GAT1/XYLT1/GPC6/GPC4/SDC2/DCN/GPC1/HSPG2/CSPG4/SDC4
REACTOME_EPHB_MEDIATED_FORWARD_SIGNALING,REACTOME_EPHB_MEDIATED_FORWARD_SIGNALING,38,0.451689357623583,1.3678659223376313,0.06584362139917696,0.1930935766684559,0.14087822885178594,3373,"tags=47%, list=22%, signal=37%",FYN/TIAM1/EFNB3/SRC/ITSN1/LIMK2/ARPC2/RAC1/ACTR2/ARHGEF28/GRIN1/RHOA/KALRN/SDC2/EFNB1/CFL1/PAK1/LIMK1
REACTOME_ION_HOMEOSTASIS,REACTOME_ION_HOMEOSTASIS,49,0.43002463336848007,1.3653304440332976,0.06584362139917696,0.1930935766684559,0.14087822885178594,3520,"tags=35%, list=23%, signal=27%",ATP2B4/AHCYL1/ITPR2/CAMK2G/ATP2B3/ORAI2/CAMK2D/ATP2A1/FKBP1B/PRKACA/ATP2B1/SLC8A1/CASQ1/NOS1/STIM1/SLC8A2/RYR1
REACTOME_NEDDYLATION,REACTOME_NEDDYLATION,213,-0.3204675333003063,-1.219677569324003,0.0661764705882353,0.19364871762153885,0.14128325151272975,1518,"tags=17%, list=10%, signal=15%",LMO7/DCAF4/FBXL3/NEURL2/ERCC8/MUL1/FBXO6/PSMD6/CCNF/KBTBD8/FBXL12/PSMA6/PSMB5/PSMA3/FBXL4/SKP1/KLHL9/COMMD2/PSMA1/PSMA5/PSMB1/COMMD7/PSMA2/FBXL15/PSMB4/PSMD14/COMMD1/ADRM1/PSMD13/PSMB6/PSMA7/RNF7/DCAF17/PSMB3/COMMD4/FBXW4
REACTOME_TFAP2_AP_2_FAMILY_REGULATES_TRANSCRIPTION_OF_GROWTH_FACTORS_AND_THEIR_RECEPTORS,REACTOME_TFAP2_AP_2_FAMILY_REGULATES_TRANSCRIPTION_OF_GROWTH_FACTORS_AND_THEIR_RECEPTORS,12,0.6496877503218836,1.4656420803692802,0.0673469387755102,0.19579961294862772,0.1428525130560391,1877,"tags=25%, list=12%, signal=22%",KIT/EGFR/YY1
REACTOME_SIGNALING_BY_ERBB2_IN_CANCER,REACTOME_SIGNALING_BY_ERBB2_IN_CANCER,23,0.5317272117159219,1.42604440829017,0.06722689075630252,0.19579961294862772,0.1428525130560391,1598,"tags=26%, list=10%, signal=23%",EGFR/PLCG1/PIK3R1/ERBB4/PIK3CA/NRG3
REACTOME_EPIGENETIC_REGULATION_BY_WDR5_CONTAINING_HISTONE_MODIFYING_COMPLEXES,REACTOME_EPIGENETIC_REGULATION_BY_WDR5_CONTAINING_HISTONE_MODIFYING_COMPLEXES,101,0.3641974659855816,1.3087656606822964,0.06707876340550557,0.19579961294862772,0.1428525130560391,1800,"tags=23%, list=12%, signal=20%",TBL1XR1/NCOA1/TBL1X/PDK4/NCOA2/TADA2A/ACSL1/PPARGC1A/KAT2A/MED14/MED12/PNPLA2/KAT2B/HDAC3/NCOR1/KANSL3/NCOA3/ABL1/LPIN1/HCFC1/SCD/GPAM/RB1
REACTOME_PHOSPHOLIPASE_C_MEDIATED_CASCADE_FGFR1,REACTOME_PHOSPHOLIPASE_C_MEDIATED_CASCADE_FGFR1,13,0.6407638136876006,1.448329147999645,0.06765327695560254,0.1959762910817609,0.1429814148191225,3365,"tags=46%, list=22%, signal=36%",PLCG1/FGF1/FGF5/FGFR1/FGF2/FGF9
REACTOME_FANCONI_ANEMIA_PATHWAY,REACTOME_FANCONI_ANEMIA_PATHWAY,29,-0.5123889987428822,-1.434994305519612,0.06769825918762089,0.1959762910817609,0.1429814148191225,3548,"tags=45%, list=23%, signal=35%",ATR/FANCG/FANCI/RPA2/FANCC/UBC/ERCC1/FANCB/FANCL/RPA3/SLX1A/MUS81/FANCE
REACTOME_CO_STIMULATION_BY_ICOS,REACTOME_CO_STIMULATION_BY_ICOS,11,0.6493612126401682,1.4418194336094605,0.06882591093117409,0.19818306710660585,0.14459144609627128,4427,"tags=64%, list=29%, signal=45%",PIK3R1/PIK3CD/PIK3CA/PIK3R2/PIK3CB/ICOSLG/PIK3R5
REACTOME_PERK_REGULATES_GENE_EXPRESSION,REACTOME_PERK_REGULATES_GENE_EXPRESSION,26,-0.5170995694625351,-1.4375739664908318,0.06890130353817504,0.19818306710660585,0.14459144609627128,2670,"tags=50%, list=17%, signal=41%",ATF3/EXOSC5/CCL2/ASNS/CEBPG/EXOSC8/HSPA5/EXOSC3/DDIT3/EXOSC7/HERPUD1/EXOSC4/ATF4
REACTOME_C_TYPE_LECTIN_RECEPTORS_CLRS,REACTOME_C_TYPE_LECTIN_RECEPTORS_CLRS,107,-0.36265504311537344,-1.2595865387256422,0.0687732342007435,0.19818306710660585,0.14459144609627128,1396,"tags=20%, list=9%, signal=18%",CDC34/PSMD6/PSMA6/PSMB5/PSMA3/CLEC10A/SKP1/PYCARD/PSMA1/PSMA5/PSMB1/PSMA2/PSMB4/PSMD14/ADRM1/PSMD13/PSMB6/PSMA7/PSMB3/NFKB1/BCL10
REACTOME_ACYL_CHAIN_REMODELLING_OF_PG,REACTOME_ACYL_CHAIN_REMODELLING_OF_PG,14,0.6316662126077909,1.4548352918679412,0.06911447084233262,0.1982450237644975,0.14463664876111362,334,"tags=14%, list=2%, signal=14%",PLA2G5/LPGAT1
REACTOME_INTERLEUKIN_1_FAMILY_SIGNALING,REACTOME_INTERLEUKIN_1_FAMILY_SIGNALING,125,-0.35356509994394075,-1.2577632498192586,0.0692167577413479,0.1982450237644975,0.14463664876111362,3322,"tags=30%, list=21%, signal=24%",PSMC4/PTPN18/MAP3K8/IL33/PSMD7/CASP1/UBC/MYD88/IL18BP/SIGIRR/RELA/PSMC6/RIPK2/PTPN12/ALPK1/S100B/TAB1/TRAF2/GSDMD/PSMD6/PSMA6/PSMB5/PSMA3/SKP1/NKIRAS2/PSMA1/PSMA5/PSMB1/PSMA2/MAP3K3/PSMB4/PSMD14/ADRM1/PSMD13/PSMB6/PSMA7/PSMB3/NFKB1
REACTOME_FIBRONECTIN_MATRIX_FORMATION,REACTOME_FIBRONECTIN_MATRIX_FORMATION,18,0.5695520760365314,1.444343413158577,0.06962025316455696,0.1984133550278996,0.14475946077100862,872,"tags=22%, list=6%, signal=21%",COL4A1/CEACAM1/COL4A4/COL4A2
REACTOME_TRANSCRIPTIONAL_REGULATION_BY_THE_AP_2_TFAP2_FAMILY_OF_TRANSCRIPTION_FACTORS,REACTOME_TRANSCRIPTIONAL_REGULATION_BY_THE_AP_2_TFAP2_FAMILY_OF_TRANSCRIPTION_FACTORS,34,0.46436234779924795,1.3828892103043386,0.06958250497017893,0.1984133550278996,0.14475946077100862,582,"tags=12%, list=4%, signal=11%",WWOX/KIT/EGFR/PITX2
REACTOME_GLYCOSAMINOGLYCAN_METABOLISM,REACTOME_GLYCOSAMINOGLYCAN_METABOLISM,128,0.33892732697132977,1.248936144699354,0.06971677559912855,0.1984133550278996,0.14475946077100862,2752,"tags=27%, list=18%, signal=22%",ARSB/SLC17A5/GLB1/CSGALNACT1/NDST1/B3GAT2/FAM20B/IDUA/ST3GAL2/PAPSS2/CHPF2/EXTL3/CHP1/GNS/CSPG5/DSEL/SDC3/B3GAT1/HGSNAT/SLC9A1/XYLT1/GLB1L2/SLC26A11/CHST9/SGSH/HS2ST1/B4GALT6/GPC6/GPC4/B4GALT1/IDS/SDC2/PRELP/HS6ST1
REACTOME_FGFR1_LIGAND_BINDING_AND_ACTIVATION,REACTOME_FGFR1_LIGAND_BINDING_AND_ACTIVATION,14,0.6224791128538316,1.433675830295995,0.07127429805615551,0.20114859430492424,0.1467550510515424,3365,"tags=50%, list=22%, signal=39%",FGF1/FGF5/TGFBR3/FGFR1/FGF2/GIPC1/FGF9
REACTOME_PI3K_EVENTS_IN_ERBB2_SIGNALING,REACTOME_PI3K_EVENTS_IN_ERBB2_SIGNALING,14,0.6209129863836431,1.4300687732540294,0.07127429805615551,0.20114859430492424,0.1467550510515424,1598,"tags=36%, list=10%, signal=32%",EGFR/PIK3R1/ERBB4/PIK3CA/NRG3
REACTOME_ACTIVATION_OF_ATR_IN_RESPONSE_TO_REPLICATION_STRESS,REACTOME_ACTIVATION_OF_ATR_IN_RESPONSE_TO_REPLICATION_STRESS,37,-0.4686835900094914,-1.3708386958181118,0.07115384615384615,0.20114859430492424,0.1467550510515424,3573,"tags=51%, list=23%, signal=40%",ORC3/ATR/CHEK1/ORC6/RAD1/RPA2/CDC6/DBF4/CDK2/MCM7/RAD9A/MCM3/MCM2/RFC3/RFC4/RFC2/CDC45/ORC4/RPA3
REACTOME_CELL_SURFACE_INTERACTIONS_AT_THE_VASCULAR_WALL,REACTOME_CELL_SURFACE_INTERACTIONS_AT_THE_VASCULAR_WALL,108,0.35206464739706356,1.2696744597179133,0.07127429805615551,0.20114859430492424,0.1467550510515424,3776,"tags=31%, list=24%, signal=24%",PLCG1/PIK3R1/CEACAM1/ITGA4/FYN/PROS1/PIK3CA/SLC7A8/SRC/SLC7A11/SLC16A8/SDC3/GLG1/PIK3R2/PROCR/PPIL2/ITGA6/ITGA3/SDC2/PTPN11/TEK/SIRPA/ITGB3/ITGAV/ITGB2/SLC7A7/PIK3CB/GAS6/SLC7A10/TGFB1/KRAS/CD84/FN1/GPC1
REACTOME_EPHRIN_SIGNALING,REACTOME_EPHRIN_SIGNALING,19,0.5500985203286669,1.4065817032939298,0.07157894736842105,0.2015866388308977,0.14707464188435046,3415,"tags=42%, list=22%, signal=33%",FYN/PAK3/EFNB3/SRC/RAC1/EFNB1/PAK1/PAK2
REACTOME_MITOCHONDRIAL_IRON_SULFUR_CLUSTER_BIOGENESIS,REACTOME_MITOCHONDRIAL_IRON_SULFUR_CLUSTER_BIOGENESIS,12,-0.6269729067383729,-1.453674050168516,0.072265625,0.20267427884615383,0.14786816801619435,1743,"tags=50%, list=11%, signal=44%",ISCA2/FDX1/HSCB/FXN/FDXR/GLRX5
REACTOME_CYTOSOLIC_SENSORS_OF_PATHOGEN_ASSOCIATED_DNA,REACTOME_CYTOSOLIC_SENSORS_OF_PATHOGEN_ASSOCIATED_DNA,56,-0.42375452363101757,-1.3417376353112505,0.07224334600760456,0.20267427884615383,0.14786816801619435,2888,"tags=34%, list=19%, signal=28%",UBC/MYD88/IRF7/RELA/IRF3/POLR3K/RIPK1/POLR3GL/POLR3E/POLR2H/NKIRAS2/POLR2E/POLR3H/POLR2F/POLR2L/POLR2K/POLR1C/POLR1D/NFKB1
REACTOME_SIGNALING_BY_MODERATE_KINASE_ACTIVITY_BRAF_MUTANTS,REACTOME_SIGNALING_BY_MODERATE_KINASE_ACTIVITY_BRAF_MUTANTS,39,0.4466791425044577,1.354836110809871,0.07261410788381743,0.2032291110690243,0.14827296543212337,4102,"tags=44%, list=27%, signal=32%",BRAF/MAPK1/MAPK3/CAMK2G/BRAP/VCL/SRC/CAMK2D/CNKSR2/ITGB3/MAP2K2/IQGAP1/KRAS/FN1/YWHAB/JAK2/APBB1IP
REACTOME_SIGNALING_BY_EGFR,REACTOME_SIGNALING_BY_EGFR,48,0.43009291434159724,1.3633417607818457,0.07346938775510205,0.20519710989986056,0.14970878838622734,1702,"tags=19%, list=11%, signal=17%",STAM2/CBL/EGFR/PLCG1/PTPN3/PIK3R1/PIK3CA/SRC/PTPRK
REACTOME_FGFR2C_LIGAND_BINDING_AND_ACTIVATION,REACTOME_FGFR2C_LIGAND_BINDING_AND_ACTIVATION,10,0.6607316673929419,1.4239784947083776,0.07377049180327869,0.2056123831459152,0.15001176562867677,3365,"tags=50%, list=22%, signal=39%",FGF1/FGF5/FGF18/FGF2/FGF9
REACTOME_INTERLEUKIN_2_FAMILY_SIGNALING,REACTOME_INTERLEUKIN_2_FAMILY_SIGNALING,39,0.44603931096037286,1.3528954182673425,0.07468879668049792,0.20774265303503442,0.15156597915630074,3468,"tags=28%, list=22%, signal=22%",PIK3R1/PTK2B/GAB2/PIK3CD/PIK3CA/STAT3/PIK3R2/SYK/HAVCR2/PIK3CB/JAK1
REACTOME_VASOPRESSIN_REGULATES_RENAL_WATER_HOMEOSTASIS_VIA_AQUAPORINS,REACTOME_VASOPRESSIN_REGULATES_RENAL_WATER_HOMEOSTASIS_VIA_AQUAPORINS,41,0.45015835837240853,1.3816717909430971,0.07566462167689161,0.21002381613606336,0.15323028214835102,1349,"tags=22%, list=9%, signal=20%",GNG2/PRKACB/GNG3/ADCY7/GNAS/AQP1/RAB11FIP2/PRKAR2A/ADCY6
REACTOME_CROSSLINKING_OF_COLLAGEN_FIBRILS,REACTOME_CROSSLINKING_OF_COLLAGEN_FIBRILS,18,0.5677541199662272,1.439783924893055,0.0759493670886076,0.21038130637070154,0.15349110175693959,872,"tags=17%, list=6%, signal=16%",COL4A1/COL4A4/COL4A2
REACTOME_RND2_GTPASE_CYCLE,REACTOME_RND2_GTPASE_CYCLE,38,0.4475683323960877,1.3553860844166277,0.07613168724279835,0.21045419280847333,0.15354427862816322,4645,"tags=47%, list=30%, signal=33%",PIK3R1/ARHGAP35/WDR6/ARHGAP1/TNFAIP1/PIK3R2/ALDH3A2/KCTD13/VANGL2/GOLGA3/PTPN13/DLG5/FAM83B/TFRC/FRS2/NUDC/DEPDC1B/KIDINS220
REACTOME_PHOSPHOLIPASE_C_MEDIATED_CASCADE_FGFR2,REACTOME_PHOSPHOLIPASE_C_MEDIATED_CASCADE_FGFR2,15,0.6034697560418886,1.41666818478752,0.07809110629067245,0.2149895967063615,0.1568532424957653,3365,"tags=40%, list=22%, signal=31%",PLCG1/FGF1/FGF5/FGF18/FGF2/FGF9
REACTOME_SLC_MEDIATED_TRANSPORT_OF_NEUROTRANSMITTERS,REACTOME_SLC_MEDIATED_TRANSPORT_OF_NEUROTRANSMITTERS,21,0.5285269023270706,1.392864584075225,0.07802874743326489,0.2149895967063615,0.1568532424957653,3505,"tags=33%, list=23%, signal=26%",SLC6A7/SLC6A1/SLC17A7/SLC6A11/SLC22A2/SLC6A20/SLC6A5
REACTOME_REGULATION_OF_CDH1_MRNA_TRANSLATION_BY_MICRORNAS,REACTOME_REGULATION_OF_CDH1_MRNA_TRANSLATION_BY_MICRORNAS,11,0.6455546742691891,1.4333675259635708,0.07894736842105263,0.21690427698574336,0.15825016502022557,4842,"tags=73%, list=31%, signal=50%",AGO2/AGO1/MOV10/AGO3/TNRC6A/AGO4/CDH1/TNRC6C
REACTOME_IMMUNOREGULATORY_INTERACTIONS_BETWEEN_A_LYMPHOID_AND_A_NON_LYMPHOID_CELL,REACTOME_IMMUNOREGULATORY_INTERACTIONS_BETWEEN_A_LYMPHOID_AND_A_NON_LYMPHOID_CELL,80,-0.3837481203757615,-1.2846032987899898,0.07933579335793357,0.2175284252842528,0.15870553442376528,2415,"tags=18%, list=16%, signal=15%",SIGLEC1/HCST/CD300C/ITGB7/CD300A/ICAM1/HLA-A/LAIR1/FCGR1A/CD300LB/COLEC12/TREM2/TYROBP/MICB
REACTOME_INLB_MEDIATED_ENTRY_OF_LISTERIA_MONOCYTOGENES_INTO_HOST_CELL,REACTOME_INLB_MEDIATED_ENTRY_OF_LISTERIA_MONOCYTOGENES_INTO_HOST_CELL,12,0.6387431827216739,1.440952036854736,0.07959183673469387,0.21778780477708323,0.15889477388051407,185,"tags=17%, list=1%, signal=16%",STAM2/CBL
REACTOME_GASTRIN_CREB_SIGNALLING_PATHWAY_VIA_PKC_AND_MAPK,REACTOME_GASTRIN_CREB_SIGNALLING_PATHWAY_VIA_PKC_AND_MAPK,15,0.6030368480234484,1.415651916763276,0.08026030368763558,0.21917236776238946,0.15990493063698968,432,"tags=20%, list=3%, signal=19%",EGFR/MAPK1/MAPK3
REACTOME_RAB_GEFS_EXCHANGE_GTP_FOR_GDP_ON_RABS,REACTOME_RAB_GEFS_EXCHANGE_GTP_FOR_GDP_ON_RABS,87,0.36253440074786025,1.2714909822534035,0.08096280087527352,0.22064407753685653,0.16097866840697658,2895,"tags=30%, list=19%, signal=24%",DENND4A/RAB5A/RAB10/RAB5B/RAB8B/RAB6B/RAB27B/DENND4C/TRAPPC12/SBF1/RAB7A/TRAPPC10/MON1B/ALS2CL/RAB3IP/ALS2/RAB6A/RAB3GAP2/ULK1/RGP1/DENND5A/RAB3GAP1/RAB35/TRAPPC6B/AKT1/RAB38
REACTOME_INDUCTION_OF_CELL_CELL_FUSION,REACTOME_INDUCTION_OF_CELL_CELL_FUSION,12,0.631988400541879,1.4257138043322188,0.08163265306122448,0.2215743440233236,0.161657377130668,2492,"tags=42%, list=16%, signal=35%",ANO10/ANO6/ACE2/ANO5/ANO3
REACTOME_PECAM1_INTERACTIONS,REACTOME_PECAM1_INTERACTIONS,12,0.6298982785819576,1.4209986612561074,0.08163265306122448,0.2215743440233236,0.161657377130668,2944,"tags=50%, list=19%, signal=41%",PLCG1/FYN/SRC/PTPN11/ITGB3/ITGAV
REACTOME_TRP_CHANNELS,REACTOME_TRP_CHANNELS,27,0.4853497154733144,1.3613388289927284,0.0824524312896406,0.22335005985888587,0.16295291324416394,1836,"tags=22%, list=12%, signal=20%",TRPM3/TRPC5/TRPV4/MCOLN1/TRPV2/TRPC4AP
REACTOME_HEME_DEGRADATION,REACTOME_HEME_DEGRADATION,10,-0.6684395378973732,-1.454298424973226,0.08365758754863813,0.2256381092563476,0.16462224037664158,242,"tags=30%, list=2%, signal=30%",ABCC1/BLVRB/BLVRA
REACTOME_METABOLISM_OF_STEROID_HORMONES,REACTOME_METABOLISM_OF_STEROID_HORMONES,25,-0.5133710946566159,-1.4124756634669822,0.08379888268156424,0.2256381092563476,0.16462224037664158,2178,"tags=24%, list=14%, signal=21%",HSD11B1/TSPO/FDX1/STARD3NL/STARD3/FDXR
REACTOME_RAS_PROCESSING,REACTOME_RAS_PROCESSING,19,-0.5451798588611373,-1.4064562022558926,0.08349146110056926,0.2256381092563476,0.16462224037664158,2888,"tags=58%, list=19%, signal=47%",UBC/HRAS/ABHD17C/PDE6D/ABHD17B/LYPLA1/ARL2/ABHD17A/FNTA/GOLGA7/RCE1
REACTOME_ADORA2B_MEDIATED_ANTI_INFLAMMATORY_CYTOKINES_PRODUCTION,REACTOME_ADORA2B_MEDIATED_ANTI_INFLAMMATORY_CYTOKINES_PRODUCTION,40,0.44044711831370015,1.3417222532302369,0.08436213991769548,0.22670224451986293,0.1653986177878911,1349,"tags=20%, list=9%, signal=18%",GNG2/PRKACB/GNG3/ADCY7/GNAS/GNAZ/PRKAR2A/ADCY6
REACTOME_PURINERGIC_SIGNALING_IN_LEISHMANIASIS_INFECTION,REACTOME_PURINERGIC_SIGNALING_IN_LEISHMANIASIS_INFECTION,26,-0.5080630276614612,-1.4124517308373918,0.0856610800744879,0.22970711916607436,0.16759093006147208,5126,"tags=50%, list=33%, signal=33%",IL18/NLRP3/APP/TXNIP/IL1A/P2RX7/HSP90AB1/CASP1/RELA/TXN/GSDMD/PYCARD/NFKB1
REACTOME_RSV_HOST_INTERACTIONS,REACTOME_RSV_HOST_INTERACTIONS,73,-0.3910790387990164,-1.290247490518375,0.08582089552238806,0.22970711916607436,0.16759093006147208,2028,"tags=27%, list=13%, signal=24%",MED20/BCAP31/MED30/MED17/CCNC/MED4/MED22/CLEC4M/MED10/TYK2/CD14/MED29/MED7/ISG15/MED21/MED6/MED18/MED11/MED31/MED28
REACTOME_UBIQUINOL_BIOSYNTHESIS,REACTOME_UBIQUINOL_BIOSYNTHESIS,11,-0.6404948157288176,-1.442768968880671,0.08661417322834646,0.23049807404435826,0.168167999088194,2781,"tags=55%, list=18%, signal=45%",COQ3/COQ5/COQ2/PDSS2/COQ7/COQ6
REACTOME_TERMINATION_OF_TRANSLESION_DNA_SYNTHESIS,REACTOME_TERMINATION_OF_TRANSLESION_DNA_SYNTHESIS,28,-0.5038501539196825,-1.4106439154252426,0.08662900188323917,0.23049807404435826,0.168167999088194,2014,"tags=39%, list=13%, signal=34%",POLD1/POLK/RFC3/RFC4/POLD4/RFC2/POLH/POLE4/ISG15/RPA3/REV1
REACTOME_PLATELET_SENSITIZATION_BY_LDL,REACTOME_PLATELET_SENSITIZATION_BY_LDL,16,0.5828141930355157,1.4018139623084676,0.08658008658008658,0.23049807404435826,0.168167999088194,2732,"tags=31%, list=18%, signal=26%",LRP8/PPP2R5E/PPP2R1A/PPP2CB/PTPN11
REACTOME_SUPPRESSION_OF_PHAGOSOMAL_MATURATION,REACTOME_SUPPRESSION_OF_PHAGOSOMAL_MATURATION,10,0.6461221849870332,1.3924928102898915,0.08811475409836066,0.23398977023363884,0.17071548918766516,1994,"tags=50%, list=13%, signal=44%",KPNB1/RAB5A/KPNA1/RAB7A/VPS33B
REACTOME_SIGNALING_BY_FGFR4_IN_DISEASE,REACTOME_SIGNALING_BY_FGFR4_IN_DISEASE,11,0.6415925761043655,1.4245702186703237,0.08906882591093117,0.2342180236917079,0.17088201954800583,928,"tags=27%, list=6%, signal=26%",PLCG1/PIK3R1/PIK3CA
REACTOME_TRANSLESION_SYNTHESIS_BY_POLK,REACTOME_TRANSLESION_SYNTHESIS_BY_POLK,14,-0.5913950587716126,-1.4227257181819768,0.08905380333951762,0.2342180236917079,0.17088201954800583,3332,"tags=64%, list=22%, signal=50%",MAD2L2/RPA2/UBC/POLK/RFC3/RFC4/RFC2/RPA3/REV1
REACTOME_PROLONGED_ERK_ACTIVATION_EVENTS,REACTOME_PROLONGED_ERK_ACTIVATION_EVENTS,14,0.6117214383705359,1.4088990665806886,0.08855291576673865,0.2342180236917079,0.17088201954800583,1119,"tags=29%, list=7%, signal=27%",BRAF/MAPK1/MAPK3/CRKL
REACTOME_REGULATION_OF_ENDOGENOUS_RETROELEMENTS_BY_KRAB_ZFP_PROTEINS,REACTOME_REGULATION_OF_ENDOGENOUS_RETROELEMENTS_BY_KRAB_ZFP_PROTEINS,27,0.48231203022973546,1.3528185419903769,0.08879492600422834,0.2342180236917079,0.17088201954800583,1784,"tags=30%, list=12%, signal=26%",MTA3/HDAC1/CHD4/MTA1/RBBP7/ZNF669/GATAD2B/CBX5
REACTOME_RAF_ACTIVATION,REACTOME_RAF_ACTIVATION,31,0.4621443496198689,1.334067321060334,0.08870967741935484,0.2342180236917079,0.17088201954800583,4503,"tags=52%, list=29%, signal=37%",BRAF/CAMK2G/BRAP/PPP2R5E/SRC/SHOC2/CAMK2D/PPP2R1A/PPP2CB/MAP2K2/MRAS/KRAS/YWHAB/JAK2/NRAS/PPP2R5D
REACTOME_MAPK_FAMILY_SIGNALING_CASCADES,REACTOME_MAPK_FAMILY_SIGNALING_CASCADES,287,0.2874678343535678,1.1527900403764184,0.0894854586129754,0.2348558048033148,0.17134733525114068,3191,"tags=28%, list=21%, signal=23%",PDGFRA/PRKACB/BRAF/KIT/RAPGEF2/EGFR/PTPN3/DLG3/PIK3R1/NF1/PRKCQ/FYN/MAPK1/MAPK3/CAMK2G/SHC2/SPTBN1/ERBB4/BRAP/VCL/PRKG2/RASGRP1/PAK3/PPP2R5E/FGF1/PIK3CA/RASGRF2/CUL3/AGO2/DUSP16/NCOA3/PDGFRB/AGO1/WDR83/SRC/SHOC2/CAMK2D/DUSP8/FGF5/NEFL/NRG3/RASAL2/RAC1/PIK3R2/IL6R/FGFR1/PEA15/GRIN1/PRKACA/MAPK6/SPRED3/RASGRF1/PAQR3/KALRN/PPP2R1A/PPP2CB/GRIN2D/NRG4/FGF18/CNKSR2/PTPN11/JUN/FOXO1/TEK/FGFR3/SPTBN2/MAPK4/FGF2/SPRED1/ITGB3/DUSP10/RAG1/IL17RD/MAP2K2/RET/PAK1/MOV10/PIK3CB/IQGAP1/MRAS
REACTOME_SLC_MEDIATED_TRANSMEMBRANE_TRANSPORT,REACTOME_SLC_MEDIATED_TRANSMEMBRANE_TRANSPORT,222,0.3088495823614882,1.201062442029158,0.08971553610503283,0.23500244311784327,0.17145432040512149,3045,"tags=24%, list=20%, signal=19%",SLC44A5/SLC24A3/SLC16A2/SLC17A5/SLCO1C1/HEPH/SLC36A4/SLC12A6/SLC24A2/SLC6A7/SLC4A8/SLC31A1/SLC6A1/SLC17A7/SLC7A8/SLC4A7/SLC4A4/SLC7A11/EMB/SLC16A8/SLC1A1/SLC2A4/SLC4A10/SLC36A1/SLC39A10/SLC29A3/SLC2A12/SLC9A1/SLC22A15/SLC30A3/SLC15A3/SLC26A11/SLC41A1/SLC35B4/APOD/SLC4A2/PDZD11/SLC13A4/SLC30A10/SLC6A11/SLC7A1/SLC24A4/SLC22A2/SLC4A1/SLC12A5/SLC12A2/SLC8A1/SLC38A3/SLC27A1/AHCYL2/SLC39A8/SLC38A5/SLC6A6
REACTOME_NON_INTEGRIN_MEMBRANE_ECM_INTERACTIONS,REACTOME_NON_INTEGRIN_MEMBRANE_ECM_INTERACTIONS,78,0.3649546316545474,1.2543275549001491,0.08991228070175439,0.23506136950904394,0.17149731223202846,3970,"tags=38%, list=26%, signal=29%",COL4A1/LAMA2/CASK/COL4A4/COL4A2/LAMB1/DMD/LAMA3/NRXN1/ACTA1/LAMA5/SDC3/LAMC2/ITGA6/PRKCA/SDC2/SNTB1/DRP2/FGF2/ITGB3/ITGAV/SSPN/LAMC3/THBS1/DAG1/TGFB1/PDGFA/FN1/ITGA2/HSPG2
REACTOME_CO_STIMULATION_BY_CD28,REACTOME_CO_STIMULATION_BY_CD28,46,0.41979917985701554,1.328355791610038,0.09036144578313253,0.23577870476101698,0.1720206694639701,3596,"tags=39%, list=23%, signal=30%",PIK3R1/FYN/RICTOR/MTOR/PIK3CD/PAK3/PPP2R5E/PIK3CA/SRC/RAC1/PIK3R2/PPP2R1A/PPP2CB/AKT1/PAK1/PIK3CB/PAK2/PDPK1
REACTOME_PHASE_0_RAPID_DEPOLARISATION,REACTOME_PHASE_0_RAPID_DEPOLARISATION,31,0.46155837707419745,1.3323758001646187,0.0907258064516129,0.23627241873209617,0.1723808759037961,2649,"tags=39%, list=17%, signal=32%",CACNB2/CAMK2G/FGF12/CAMK2D/SCN2A/SCN7A/SCN4A/SCN8A/SCN1A/FGF14/CACNB1/SCN3A
REACTOME_REGULATION_OF_ENDOGENOUS_RETROELEMENTS,REACTOME_REGULATION_OF_ENDOGENOUS_RETROELEMENTS,58,0.3958475605508971,1.3028842612403946,0.09147609147609148,0.237767336033232,0.17347154554334354,1968,"tags=26%, list=13%, signal=23%",SMARCA2/MTA3/HDAC1/SS18L1/ARID1A/ARID1B/CHD4/PPHLN1/MTA1/BCL7A/RBBP7/ZNF669/GATAD2B/CBX5/SMARCC1
REACTOME_PRESYNAPTIC_DEPOLARIZATION_AND_CALCIUM_CHANNEL_OPENING,REACTOME_PRESYNAPTIC_DEPOLARIZATION_AND_CALCIUM_CHANNEL_OPENING,11,0.633067584189902,1.4056416181096862,0.0931174089068826,0.24156804733727813,0.17624448851808752,4205,"tags=55%, list=27%, signal=40%",CACNB2/CACNA1B/CACNB1/CACNB3/CACNG2/CACNA2D2
REACTOME_FRS_MEDIATED_FGFR1_SIGNALING,REACTOME_FRS_MEDIATED_FGFR1_SIGNALING,20,0.5294905034128228,1.3729087033795346,0.09473684210526316,0.2449792761611759,0.17873327081323356,4452,"tags=50%, list=29%, signal=36%",FGF1/FGF5/FGFR1/PTPN11/FGF2/FGF9/KRAS/KL/FRS2/NRAS
REACTOME_CELL_JUNCTION_ORGANIZATION,REACTOME_CELL_JUNCTION_ORGANIZATION,211,-0.3155337093000459,-1.1959843847993064,0.09479553903345725,0.2449792761611759,0.17873327081323356,1635,"tags=16%, list=11%, signal=15%",CDH7/CTSS/PXN/SIRT1/PARD3/PSMD6/EZH2/PSMA6/PSMB5/RBBP4/PSMA3/BANP/SEC11A/PSMA1/PSMA5/CLDN12/PSMB1/PSMA2/CD151/ILK/SPCS2/PSMB4/PSMD14/ADRM1/PSMD13/PARD6A/PSMB6/PSMA7/OSTC/SPCS1/EED/PSMB3/SEC11C/TMEM258
REACTOME_REGULATION_OF_CDH11_FUNCTION,REACTOME_REGULATION_OF_CDH11_FUNCTION,11,0.6306035907091584,1.4001706512338252,0.0951417004048583,0.24540373584350642,0.1790429503442538,4928,"tags=82%, list=32%, signal=56%",CTNNA1/AMOT/ADAM19/CTNND1/CDH24/CDH11/CDH8/CTNNB1/ANGPTL4
REACTOME_GABA_B_RECEPTOR_ACTIVATION,REACTOME_GABA_B_RECEPTOR_ACTIVATION,41,0.4362072463913923,1.3388516199567089,0.09611451942740286,0.2471686229602061,0.18033058598399807,1349,"tags=20%, list=9%, signal=18%",GNG2/GABBR1/GNG3/ADCY7/KCNJ16/GABBR2/KCNJ10/ADCY6
REACTOME_TRANSLESION_SYNTHESIS_BY_Y_FAMILY_DNA_POLYMERASES_BYPASSES_LESIONS_ON_DNA_TEMPLATE,REACTOME_TRANSLESION_SYNTHESIS_BY_Y_FAMILY_DNA_POLYMERASES_BYPASSES_LESIONS_ON_DNA_TEMPLATE,34,-0.46674394399308355,-1.3302616130177256,0.09619238476953908,0.2471686229602061,0.18033058598399807,2014,"tags=47%, list=13%, signal=41%",RPA2/RCHY1/TRIM25/UBC/POLD1/POLK/RFC3/RFC4/POLD4/RFC2/POLH/POLE4/SPRTN/ISG15/RPA3/REV1
REACTOME_CRISTAE_FORMATION,REACTOME_CRISTAE_FORMATION,11,-0.6227753053021888,-1.4028542667480597,0.09645669291338582,0.2473765755516302,0.18048230513111016,2437,"tags=45%, list=16%, signal=38%",APOOL/CHCHD3/CHCHD6/MTX1/TMEM11
REACTOME_MRNA_DECAY_BY_3_TO_5_EXORIBONUCLEASE,REACTOME_MRNA_DECAY_BY_3_TO_5_EXORIBONUCLEASE,12,-0.6036559755198693,-1.399612355512152,0.09765625,0.24997776328273244,0.1823800933786078,1553,"tags=58%, list=10%, signal=53%",EXOSC5/EXOSC8/NT5C3B/DCPS/EXOSC3/EXOSC7/EXOSC4
